 "hero" , "herolabel" ,
 "http://dbpedia.org/resource/Doctor_Doom" , "Doctor Doom" ,
 "http://dbpedia.org/resource/Doctor_Doom" , "Doctor Doom (Comic)" ,
 "http://dbpedia.org/resource/Doctor_Doom" , "Doctor Doom" ,
 "http://dbpedia.org/resource/Doctor_Doom" , "Docteur Fatalis" ,
 "http://dbpedia.org/resource/Doctor_Doom" , "Dottor Destino" ,
 "http://dbpedia.org/resource/Doctor_Doom" , ドクター・ドゥーム ,
 "http://dbpedia.org/resource/Doctor_Doom" , "Dr. Doom" ,
 "http://dbpedia.org/resource/Doctor_Doom" , Доктор Дум ,
 "http://dbpedia.org/resource/Doctor_Doom" , "Doutor Destino" ,
 "http://dbpedia.org/resource/Doctor_Doom" , 杜姆博士 ,
 "http://dbpedia.org/resource/Hulk_(comics)" , "Hulk (comics)" ,
 "http://dbpedia.org/resource/Hulk_(comics)" , الرجل الأخضر (مارفل) ,
 "http://dbpedia.org/resource/Hulk_(comics)" , "Hulk (Comic)" ,
 "http://dbpedia.org/resource/Hulk_(comics)" , "Hulk" ,
 "http://dbpedia.org/resource/Hulk_(comics)" , "Hulk" ,
 "http://dbpedia.org/resource/Hulk_(comics)" , "Hulk" ,
 "http://dbpedia.org/resource/Hulk_(comics)" , ハルク (マーベル・コミック) ,
 "http://dbpedia.org/resource/Hulk_(comics)" , "Hulk (Marvel)" ,
 "http://dbpedia.org/resource/Hulk_(comics)" , "Hulk (komiks)" ,
 "http://dbpedia.org/resource/Hulk_(comics)" , "Hulk" ,
 "http://dbpedia.org/resource/Hulk_(comics)" , "Халк (Marvel Comics)" ,
 "http://dbpedia.org/resource/Hulk_(comics)" , 浩克 (漫畫) ,
 "http://dbpedia.org/resource/Spawn_(comics)" , "Spawn (comics)" ,
 "http://dbpedia.org/resource/Spawn_(comics)" , "Spawn" ,
 "http://dbpedia.org/resource/Spawn_(comics)" , "Spawn" ,
 "http://dbpedia.org/resource/Spawn_(comics)" , "Spawn (comics)" ,
 "http://dbpedia.org/resource/Spawn_(comics)" , "Spawn (personaggio)" ,
 "http://dbpedia.org/resource/Spawn_(comics)" , スポーン ,
 "http://dbpedia.org/resource/Spawn_(comics)" , "Spawn (strip)" ,
 "http://dbpedia.org/resource/Spawn_(comics)" , "Spawn (komiks)" ,
 "http://dbpedia.org/resource/Spawn_(comics)" , "Spawn" ,
 "http://dbpedia.org/resource/Spawn_(comics)" , Спаун ,
 "http://dbpedia.org/resource/Spawn_(comics)" , 再生侠 ,
 "http://dbpedia.org/resource/Daredevil_(Marvel_Comics_character)" , ديردفيل (مارفل) ,
 "http://dbpedia.org/resource/Daredevil_(Marvel_Comics_character)" , "Daredevil (Comic)" ,
 "http://dbpedia.org/resource/Daredevil_(Marvel_Comics_character)" , "Daredevil" ,
 "http://dbpedia.org/resource/Daredevil_(Marvel_Comics_character)" , "Daredevil" ,
 "http://dbpedia.org/resource/Daredevil_(Marvel_Comics_character)" , "Devil (Marvel Comics)" ,
 "http://dbpedia.org/resource/Daredevil_(Marvel_Comics_character)" , デアデビル ,
 "http://dbpedia.org/resource/Daredevil_(Marvel_Comics_character)" , "Daredevil (superheld)" ,
 "http://dbpedia.org/resource/Daredevil_(Marvel_Comics_character)" , "Daredevil" ,
 "http://dbpedia.org/resource/Daredevil_(Marvel_Comics_character)" , "Daredevil" ,
 "http://dbpedia.org/resource/Daredevil_(Marvel_Comics_character)" , "Сорвиголова (Marvel Comics)" ,
 "http://dbpedia.org/resource/Daredevil_(Marvel_Comics_character)" , "Daredevil (Marvel Comics character)" ,
 "http://dbpedia.org/resource/Daredevil_(Marvel_Comics_character)" , 夜魔俠 ,
 "http://dbpedia.org/resource/Deacon_Frost" , "Deacon Frost" ,
 "http://dbpedia.org/resource/Deacon_Frost" , "Deacon Frost" ,
 "http://dbpedia.org/resource/Deacon_Frost" , "Diacono Frost" ,
 "http://dbpedia.org/resource/Deacon_Frost" , Дьякон Фрост ,
 "http://dbpedia.org/resource/Jonathan_and_Martha_Kent" , جوناثان ومارثا كينت ,
 "http://dbpedia.org/resource/Jonathan_and_Martha_Kent" , "Jonathan and Martha Kent" ,
 "http://dbpedia.org/resource/Jonathan_and_Martha_Kent" , "Jonathan & Martha Kent" ,
 "http://dbpedia.org/resource/Jonathan_and_Martha_Kent" , "Jonathan i Martha Kentowie" ,
 "http://dbpedia.org/resource/Peggy_Carter" , "Peggy Carter" ,
 "http://dbpedia.org/resource/Peggy_Carter" , بيغي كارتر ,
 "http://dbpedia.org/resource/Peggy_Carter" , "Peggy Carter" ,
 "http://dbpedia.org/resource/Peggy_Carter" , "Peggy Carter" ,
 "http://dbpedia.org/resource/Peggy_Carter" , "Peggy Carter" ,
 "http://dbpedia.org/resource/Peggy_Carter" , ペギー・カーター ,
 "http://dbpedia.org/resource/Peggy_Carter" , "Peggy Carter" ,
 "http://dbpedia.org/resource/Peggy_Carter" , "Peggy Carter (Marvel Comics)" ,
 "http://dbpedia.org/resource/Peggy_Carter" , Пегги Картер ,
 "http://dbpedia.org/resource/Peggy_Carter" , 佩姬·卡特 ,
 "http://dbpedia.org/resource/Hiroim" , "Hiroim" ,
 "http://dbpedia.org/resource/Hiroim" , "Hiroim" ,
 "http://dbpedia.org/resource/Frigga_(comics)" , "Frigga (comics)" ,
 "http://dbpedia.org/resource/Frigga_(comics)" , "Frigga (Marvel Comics)" ,
 "http://dbpedia.org/resource/Frigga_(comics)" , "Frigga (Marvel Comics)" ,
 "http://dbpedia.org/resource/Frigga_(comics)" , "Frigga (Marvel Comics)" ,
 "http://dbpedia.org/resource/Rachel_Dawes" , "Rachel Dawes" ,
 "http://dbpedia.org/resource/Rachel_Dawes" , "Rachel Dawes" ,
 "http://dbpedia.org/resource/Rachel_Dawes" , "Rachel Dawes" ,
 "http://dbpedia.org/resource/Rachel_Dawes" , "Rachel Dawes" ,
 "http://dbpedia.org/resource/Rachel_Dawes" , "Rachel Dawes" ,
 "http://dbpedia.org/resource/Steel_(John_Henry_Irons)" , "Steel (Comicserie)" ,
 "http://dbpedia.org/resource/Steel_(John_Henry_Irons)" , "Steel (John Henry Irons)" ,
 "http://dbpedia.org/resource/Steel_(John_Henry_Irons)" , "Steel (comics)" ,
 "http://dbpedia.org/resource/Steel_(John_Henry_Irons)" , "Acciaio (personaggio)" ,
 "http://dbpedia.org/resource/Steel_(John_Henry_Irons)" , "Steel (DC Comics)" ,
 "http://dbpedia.org/resource/Steel_(John_Henry_Irons)" , "Aço (DC Comics)" ,
 "http://dbpedia.org/resource/Lana_Lang" , "Lana Lang" ,
 "http://dbpedia.org/resource/Lana_Lang" , "Lana Lang" ,
 "http://dbpedia.org/resource/Lana_Lang" , "Lana Lang" ,
 "http://dbpedia.org/resource/Lana_Lang" , "Lana Lang" ,
 "http://dbpedia.org/resource/Lana_Lang" , "Lana Lang" ,
 "http://dbpedia.org/resource/Lana_Lang" , "Lana Lang" ,
 "http://dbpedia.org/resource/Black_Widow_(Natasha_Romanova)" , "Black Widow (Natasha Romanova)" ,
 "http://dbpedia.org/resource/Black_Widow_(Natasha_Romanova)" , "Natasha Romanoff" ,
 "http://dbpedia.org/resource/Black_Widow_(Natasha_Romanova)" , ブラック・ウィドウ (ナタリア・ロマノヴァ) ,
 "http://dbpedia.org/resource/Black_Widow_(Natasha_Romanova)" , "Czarna Wdowa" ,
 "http://dbpedia.org/resource/Black_Widow_(Natasha_Romanova)" , "Чёрная вдова (Marvel Comics)" ,
 "http://dbpedia.org/resource/Black_Widow_(Natasha_Romanova)" , 黑寡婦 (復仇者聯盟) ,
 "http://dbpedia.org/resource/Thanos" , "Thanos" ,
 "http://dbpedia.org/resource/Thanos" , ثانوس ,
 "http://dbpedia.org/resource/Thanos" , "Thanos" ,
 "http://dbpedia.org/resource/Thanos" , "Thanos (Marvel Comics)" ,
 "http://dbpedia.org/resource/Thanos" , "Thanos" ,
 "http://dbpedia.org/resource/Thanos" , サノス ,
 "http://dbpedia.org/resource/Thanos" , "Thanos" ,
 "http://dbpedia.org/resource/Thanos" , "Thanos" ,
 "http://dbpedia.org/resource/Thanos" , Танос ,
 "http://dbpedia.org/resource/Thanos" , 薩諾斯 ,
 "http://dbpedia.org/resource/Victor_Zsasz" , "Victor Zsasz" ,
 "http://dbpedia.org/resource/Victor_Zsasz" , "Victor Zsasz" ,
 "http://dbpedia.org/resource/Victor_Zsasz" , "Victor Zsasz" ,
 "http://dbpedia.org/resource/Victor_Zsasz" , "Victor Zsasz" ,
 "http://dbpedia.org/resource/Victor_Zsasz" , "Zsasz" ,
 "http://dbpedia.org/resource/Victor_Zsasz" , Виктор Зсасз ,
 "http://dbpedia.org/resource/Victor_Zsasz" , "Victor Zsasz" ,
 "http://dbpedia.org/resource/Victor_Zsasz" , 維克多·薩斯 ,
 "http://dbpedia.org/resource/Aunt_May" , "Aunt May" ,
 "http://dbpedia.org/resource/Aunt_May" , "May Reilly Parker" ,
 "http://dbpedia.org/resource/Aunt_May" , "May Parker" ,
 "http://dbpedia.org/resource/Aunt_May" , "May Parker" ,
 "http://dbpedia.org/resource/Aunt_May" , "May Parker" ,
 "http://dbpedia.org/resource/Aunt_May" , Тётя Мэй ,
 "http://dbpedia.org/resource/Aunt_May" , 梅·帕克 ,
 "http://dbpedia.org/resource/Deadpool" , "Deadpool" ,
 "http://dbpedia.org/resource/Deadpool" , ديدبول ,
 "http://dbpedia.org/resource/Deadpool" , "Deadpool" ,
 "http://dbpedia.org/resource/Deadpool" , "Deadpool" ,
 "http://dbpedia.org/resource/Deadpool" , "Deadpool" ,
 "http://dbpedia.org/resource/Deadpool" , "Deadpool" ,
 "http://dbpedia.org/resource/Deadpool" , "Deadpool (stripfiguur)" ,
 "http://dbpedia.org/resource/Deadpool" , デッドプール ,
 "http://dbpedia.org/resource/Deadpool" , "Deadpool" ,
 "http://dbpedia.org/resource/Deadpool" , Дэдпул ,
 "http://dbpedia.org/resource/Deadpool" , 死侍 ,
 "http://dbpedia.org/resource/Electro_(Marvel_Comics)" , "Electro (Marvel Comics)" ,
 "http://dbpedia.org/resource/Electro_(Marvel_Comics)" , إلكترو (مارفل كوميكس) ,
 "http://dbpedia.org/resource/Electro_(Marvel_Comics)" , "Electro (cómic)" ,
 "http://dbpedia.org/resource/Electro_(Marvel_Comics)" , "Electro (comics)" ,
 "http://dbpedia.org/resource/Electro_(Marvel_Comics)" , "Electro (personaggio)" ,
 "http://dbpedia.org/resource/Electro_(Marvel_Comics)" , "Electro (Marvel)" ,
 "http://dbpedia.org/resource/Electro_(Marvel_Comics)" , "Electro (postać komiksowa)" ,
 "http://dbpedia.org/resource/Electro_(Marvel_Comics)" , "Electro (Marvel Comics)" ,
 "http://dbpedia.org/resource/Electro_(Marvel_Comics)" , "Электро (Marvel Comics)" ,
 "http://dbpedia.org/resource/Electro_(Marvel_Comics)" , 電光人 ,
 "http://dbpedia.org/resource/Harley_Quinn" , "Harley Quinn" ,
 "http://dbpedia.org/resource/Harley_Quinn" , هارلي كوين (شخصية مصورة) ,
 "http://dbpedia.org/resource/Harley_Quinn" , "Harley Quinn" ,
 "http://dbpedia.org/resource/Harley_Quinn" , "Harley Quinn" ,
 "http://dbpedia.org/resource/Harley_Quinn" , "Harley Quinn" ,
 "http://dbpedia.org/resource/Harley_Quinn" , "Harley Quinn" ,
 "http://dbpedia.org/resource/Harley_Quinn" , "Harley Quinn" ,
 "http://dbpedia.org/resource/Harley_Quinn" , "Harley Quinn" ,
 "http://dbpedia.org/resource/Harley_Quinn" , "Arlequina" ,
 "http://dbpedia.org/resource/Harley_Quinn" , Харли Квинн ,
 "http://dbpedia.org/resource/Harley_Quinn" , 哈莉·奎茵 ,
 "http://dbpedia.org/resource/Iron_Man" , "Iron Man" ,
 "http://dbpedia.org/resource/Iron_Man" , الرجل الحديدي ,
 "http://dbpedia.org/resource/Iron_Man" , "Iron Man" ,
 "http://dbpedia.org/resource/Iron_Man" , "Iron Man" ,
 "http://dbpedia.org/resource/Iron_Man" , "Iron Man (comics)" ,
 "http://dbpedia.org/resource/Iron_Man" , "Iron Man" ,
 "http://dbpedia.org/resource/Iron_Man" , アイアンマン ,
 "http://dbpedia.org/resource/Iron_Man" , "Iron Man (Marvel)" ,
 "http://dbpedia.org/resource/Iron_Man" , "Iron Man" ,
 "http://dbpedia.org/resource/Iron_Man" , "Homem de Ferro" ,
 "http://dbpedia.org/resource/Iron_Man" , Железный человек ,
 "http://dbpedia.org/resource/Iron_Man" , 鋼鐵人 ,
 "http://dbpedia.org/resource/J._Jonah_Jameson" , "J. Jonah Jameson" ,
 "http://dbpedia.org/resource/J._Jonah_Jameson" , "J. Jonah Jameson" ,
 "http://dbpedia.org/resource/J._Jonah_Jameson" , "J. Jonah Jameson" ,
 "http://dbpedia.org/resource/J._Jonah_Jameson" , "J. Jonah Jameson" ,
 "http://dbpedia.org/resource/J._Jonah_Jameson" , "J. Jonah Jameson" ,
 "http://dbpedia.org/resource/J._Jonah_Jameson" , "J. Jonah Jameson" ,
 "http://dbpedia.org/resource/J._Jonah_Jameson" , Джей Джона Джеймсон ,
 "http://dbpedia.org/resource/Joe_Chill" , "Joe Chill" ,
 "http://dbpedia.org/resource/Joe_Chill" , "Joe Chill" ,
 "http://dbpedia.org/resource/Joe_Chill" , "Joe Chill" ,
 "http://dbpedia.org/resource/Joe_Chill" , "Joe Chill" ,
 "http://dbpedia.org/resource/Joe_Chill" , "Joe Chill" ,
 "http://dbpedia.org/resource/Joe_Chill" , "Joe Chill" ,
 "http://dbpedia.org/resource/Kato_(The_Green_Hornet)" , "Kato (The Green Hornet)" ,
 "http://dbpedia.org/resource/Kato_(The_Green_Hornet)" , "Kato (personaje)" ,
 "http://dbpedia.org/resource/Kato_(The_Green_Hornet)" , "Kato (personaggio)" ,
 "http://dbpedia.org/resource/Kato_(The_Green_Hornet)" , "Kato (personagem)" ,
 "http://dbpedia.org/resource/Kato_(The_Green_Hornet)" , 加藤 (青蜂俠) ,
 "http://dbpedia.org/resource/Kingpin_(comics)" , "Kingpin (comics)" ,
 "http://dbpedia.org/resource/Kingpin_(comics)" , كنج بنج (كوميكس) ,
 "http://dbpedia.org/resource/Kingpin_(comics)" , "Kingpin" ,
 "http://dbpedia.org/resource/Kingpin_(comics)" , "Kingpin (personaggio)" ,
 "http://dbpedia.org/resource/Kingpin_(comics)" , "Le Caïd (comics)" ,
 "http://dbpedia.org/resource/Kingpin_(comics)" , "Kingpin (Marvel)" ,
 "http://dbpedia.org/resource/Kingpin_(comics)" , "Kingpin" ,
 "http://dbpedia.org/resource/Kingpin_(comics)" , "Rei do Crime" ,
 "http://dbpedia.org/resource/Kingpin_(comics)" , "Кингпин (Marvel Comics)" ,
 "http://dbpedia.org/resource/Kingpin_(comics)" , 金霸王 (漫威漫畫) ,
 "http://dbpedia.org/resource/Kitty_Pryde" , "Kitty Pryde" ,
 "http://dbpedia.org/resource/Kitty_Pryde" , "Kitty Pryde" ,
 "http://dbpedia.org/resource/Kitty_Pryde" , "Kitty Pryde" ,
 "http://dbpedia.org/resource/Kitty_Pryde" , "Kitty Pryde" ,
 "http://dbpedia.org/resource/Kitty_Pryde" , キティ・プライド ,
 "http://dbpedia.org/resource/Kitty_Pryde" , "Shadowcat" ,
 "http://dbpedia.org/resource/Kitty_Pryde" , "Lince Negra" ,
 "http://dbpedia.org/resource/Kitty_Pryde" , Китти Прайд ,
 "http://dbpedia.org/resource/Kitty_Pryde" , 幻影貓 ,
 "http://dbpedia.org/resource/Leonardo_(Teenage_Mutant_Ninja_Turtles)" , "Leonardo (Teenage Mutant Ninja Turtles)" ,
 "http://dbpedia.org/resource/Leonardo_(Teenage_Mutant_Ninja_Turtles)" , ليوناردو (شخصية خيالية) ,
 "http://dbpedia.org/resource/Leonardo_(Teenage_Mutant_Ninja_Turtles)" , "Leonardo (Tortugas ninja)" ,
 "http://dbpedia.org/resource/Leonardo_(Teenage_Mutant_Ninja_Turtles)" , "Leonardo (Tortues Ninja)" ,
 "http://dbpedia.org/resource/Leonardo_(Teenage_Mutant_Ninja_Turtles)" , "Leonardo (personaggio)" ,
 "http://dbpedia.org/resource/Leonardo_(Teenage_Mutant_Ninja_Turtles)" , "Leonardo (Teenage Mutant Ninja Turtles)" ,
 "http://dbpedia.org/resource/Leonardo_(Teenage_Mutant_Ninja_Turtles)" , Леонардо (Черепашки-ниндзя) ,
 "http://dbpedia.org/resource/Leonardo_(Teenage_Mutant_Ninja_Turtles)" , "Leonardo (Teenage Mutant Ninja Turtles)" ,
 "http://dbpedia.org/resource/Leonardo_(Teenage_Mutant_Ninja_Turtles)" , 李奧納多 (忍者龜) ,
 "http://dbpedia.org/resource/Loki_(comics)" , لوكي (قصص مصورة) ,
 "http://dbpedia.org/resource/Loki_(comics)" , "Loki (comics)" ,
 "http://dbpedia.org/resource/Loki_(comics)" , "Loki (Marvel Comics)" ,
 "http://dbpedia.org/resource/Loki_(comics)" , "Loki (Marvel Comics)" ,
 "http://dbpedia.org/resource/Loki_(comics)" , "Loki (Marvel Comics)" ,
 "http://dbpedia.org/resource/Loki_(comics)" , "Loki (Marvel)" ,
 "http://dbpedia.org/resource/Loki_(comics)" , ロキ (マーベル・コミック) ,
 "http://dbpedia.org/resource/Loki_(comics)" , "Loki (Marvel Comics)" ,
 "http://dbpedia.org/resource/Loki_(comics)" , "Локи (Marvel Comics)" ,
 "http://dbpedia.org/resource/Loki_(comics)" , 洛基 (漫威漫畫) ,
 "http://dbpedia.org/resource/Lucius_Fox" , "Lucius Fox" ,
 "http://dbpedia.org/resource/Lucius_Fox" , "Lucius Fox" ,
 "http://dbpedia.org/resource/Lucius_Fox" , "Lucius Fox" ,
 "http://dbpedia.org/resource/Lucius_Fox" , "Lucius Fox" ,
 "http://dbpedia.org/resource/Lucius_Fox" , "Lucius Fox" ,
 "http://dbpedia.org/resource/Lucius_Fox" , "Lucius Fox" ,
 "http://dbpedia.org/resource/Penguin_(comics)" , "Penguin (comics)" ,
 "http://dbpedia.org/resource/Penguin_(comics)" , البطريق (شخصية مصورة) ,
 "http://dbpedia.org/resource/Penguin_(comics)" , "Pinguin (Comicfigur)" ,
 "http://dbpedia.org/resource/Penguin_(comics)" , "Pingüino (DC Comics)" ,
 "http://dbpedia.org/resource/Penguin_(comics)" , "Pingouin (comics)" ,
 "http://dbpedia.org/resource/Penguin_(comics)" , "Pinguino (personaggio)" ,
 "http://dbpedia.org/resource/Penguin_(comics)" , ペンギン (バットマン) ,
 "http://dbpedia.org/resource/Penguin_(comics)" , "Penguin (Batman)" ,
 "http://dbpedia.org/resource/Penguin_(comics)" , "Pingwin (postać fikcyjna)" ,
 "http://dbpedia.org/resource/Penguin_(comics)" , "Pinguim (DC Comics)" ,
 "http://dbpedia.org/resource/Penguin_(comics)" , "Пингвин (DC Comics)" ,
 "http://dbpedia.org/resource/Penguin_(comics)" , 企鹅人 ,
 "http://dbpedia.org/resource/Phil_Coulson" , "Phil Coulson" ,
 "http://dbpedia.org/resource/Phil_Coulson" , "Phil Coulson" ,
 "http://dbpedia.org/resource/Phil_Coulson" , "Phil Coulson" ,
 "http://dbpedia.org/resource/Phil_Coulson" , フィル・コールソン ,
 "http://dbpedia.org/resource/Phil_Coulson" , "Phil Coulson" ,
 "http://dbpedia.org/resource/Phil_Coulson" , "Phil Coulson" ,
 "http://dbpedia.org/resource/Phil_Coulson" , Фил Колсон ,
 "http://dbpedia.org/resource/Phil_Coulson" , 菲爾·考森 ,
 "http://dbpedia.org/resource/Phil_Coulson" , "Phil Coulson" ,
 "http://dbpedia.org/resource/Splinter_(Teenage_Mutant_Ninja_Turtles)" , سبلينتر ,
 "http://dbpedia.org/resource/Splinter_(Teenage_Mutant_Ninja_Turtles)" , "Splinter (Teenage Mutant Ninja Turtles)" ,
 "http://dbpedia.org/resource/Splinter_(Teenage_Mutant_Ninja_Turtles)" , "Splinter (Tortugas ninja)" ,
 "http://dbpedia.org/resource/Splinter_(Teenage_Mutant_Ninja_Turtles)" , "Splinter (Tortues Ninja)" ,
 "http://dbpedia.org/resource/Splinter_(Teenage_Mutant_Ninja_Turtles)" , "Splinter (Tartarughe Ninja)" ,
 "http://dbpedia.org/resource/Splinter_(Teenage_Mutant_Ninja_Turtles)" , "Splinter (Teenage Mutant Ninja Turtles)" ,
 "http://dbpedia.org/resource/Splinter_(Teenage_Mutant_Ninja_Turtles)" , Сплинтер ,
 "http://dbpedia.org/resource/The_Shadow" , "The Shadow" ,
 "http://dbpedia.org/resource/The_Shadow" , "The Shadow" ,
 "http://dbpedia.org/resource/The_Shadow" , "La Sombra" ,
 "http://dbpedia.org/resource/The_Shadow" , "The Shadow" ,
 "http://dbpedia.org/resource/The_Shadow" , "The Shadow" ,
 "http://dbpedia.org/resource/The_Shadow" , "The Shadow" ,
 "http://dbpedia.org/resource/The_Shadow" , "O Sombra" ,
 "http://dbpedia.org/resource/The_Shadow" , 魅影奇俠 ,
 "http://dbpedia.org/resource/Thor_(Marvel_Comics)" , "Thor (Marvel Comics)" ,
 "http://dbpedia.org/resource/Thor_(Marvel_Comics)" , ثور (مارفل كومكس) ,
 "http://dbpedia.org/resource/Thor_(Marvel_Comics)" , "Thor (Comic)" ,
 "http://dbpedia.org/resource/Thor_(Marvel_Comics)" , "Thor (cómic)" ,
 "http://dbpedia.org/resource/Thor_(Marvel_Comics)" , "Thor (Marvel Comics)" ,
 "http://dbpedia.org/resource/Thor_(Marvel_Comics)" , "Thor (Marvel Comics)" ,
 "http://dbpedia.org/resource/Thor_(Marvel_Comics)" , マイティ・ソー ,
 "http://dbpedia.org/resource/Thor_(Marvel_Comics)" , "Thor (Marvel)" ,
 "http://dbpedia.org/resource/Thor_(Marvel_Comics)" , "Thor (Marvel)" ,
 "http://dbpedia.org/resource/Thor_(Marvel_Comics)" , "Thor (Marvel Comics)" ,
 "http://dbpedia.org/resource/Thor_(Marvel_Comics)" , "Тор (Marvel Comics)" ,
 "http://dbpedia.org/resource/Thor_(Marvel_Comics)" , 索爾 (漫威漫畫) ,
 "http://dbpedia.org/resource/Thunderbolt_Ross" , "Thunderbolt Ross" ,
 "http://dbpedia.org/resource/Thunderbolt_Ross" , "Thunderbolt Ross" ,
 "http://dbpedia.org/resource/Thunderbolt_Ross" , "Thunderbolt Ross" ,
 "http://dbpedia.org/resource/Thunderbolt_Ross" , "Thunderbolt Ross" ,
 "http://dbpedia.org/resource/Thunderbolt_Ross" , "Thunderbolt Ross" ,
 "http://dbpedia.org/resource/Thunderbolt_Ross" , "Thunderbolt Ross" ,
 "http://dbpedia.org/resource/Thunderbolt_Ross" , Громовержец Росс ,
 "http://dbpedia.org/resource/Thunderbolt_Ross" , 雷霆·羅斯 ,
 "http://dbpedia.org/resource/Venom_(comics)" , فينوم (كوميكس) ,
 "http://dbpedia.org/resource/Venom_(comics)" , "Venom (personaje de Marvel Comics)" ,
 "http://dbpedia.org/resource/Venom_(comics)" , "Venom (comics)" ,
 "http://dbpedia.org/resource/Venom_(comics)" , "Venom (comics)" ,
 "http://dbpedia.org/resource/Venom_(comics)" , "Venom (Marvel Comics)" ,
 "http://dbpedia.org/resource/Venom_(comics)" , "Venom (Marvel)" ,
 "http://dbpedia.org/resource/Venom_(comics)" , ヴェノム (マーベル・コミック) ,
 "http://dbpedia.org/resource/Venom_(comics)" , "Venom (postać komiksowa)" ,
 "http://dbpedia.org/resource/Venom_(comics)" , "Venom (Marvel Comics)" ,
 "http://dbpedia.org/resource/Venom_(comics)" , Веном ,
 "http://dbpedia.org/resource/Venom_(comics)" , 猛毒 ,
 "http://dbpedia.org/resource/Violator_(comics)" , "Violator (comics)" ,
 "http://dbpedia.org/resource/Violator_(comics)" , "Violator (cómic)" ,
 "http://dbpedia.org/resource/Violator_(comics)" , "Violator (personaggio)" ,
 "http://dbpedia.org/resource/Violator_(comics)" , "Clown (comics)" ,
 "http://dbpedia.org/resource/Wonder_Woman" , "Wonder Woman" ,
 "http://dbpedia.org/resource/Wonder_Woman" , المرأة المعجزة ,
 "http://dbpedia.org/resource/Wonder_Woman" , "Wonder Woman" ,
 "http://dbpedia.org/resource/Wonder_Woman" , "Wonder Woman" ,
 "http://dbpedia.org/resource/Wonder_Woman" , "Wonder Woman" ,
 "http://dbpedia.org/resource/Wonder_Woman" , "Wonder Woman" ,
 "http://dbpedia.org/resource/Wonder_Woman" , ワンダーウーマン ,
 "http://dbpedia.org/resource/Wonder_Woman" , "Wonder Woman" ,
 "http://dbpedia.org/resource/Wonder_Woman" , "Wonder Woman" ,
 "http://dbpedia.org/resource/Wonder_Woman" , "Mulher-Maravilha" ,
 "http://dbpedia.org/resource/Wonder_Woman" , Чудо-женщина ,
 "http://dbpedia.org/resource/Wonder_Woman" , 神奇女俠 ,
 "http://dbpedia.org/resource/Joker_(comics)" , "Joker (comics)" ,
 "http://dbpedia.org/resource/Joker_(comics)" , الجوكر (شخصية مصورة) ,
 "http://dbpedia.org/resource/Joker_(comics)" , "Joker (Comicfigur)" ,
 "http://dbpedia.org/resource/Joker_(comics)" , "Joker" ,
 "http://dbpedia.org/resource/Joker_(comics)" , "Joker (comics)" ,
 "http://dbpedia.org/resource/Joker_(comics)" , "Joker" ,
 "http://dbpedia.org/resource/Joker_(comics)" , ジョーカー (バットマン) ,
 "http://dbpedia.org/resource/Joker_(comics)" , "Joker (Batman)" ,
 "http://dbpedia.org/resource/Joker_(comics)" , "Joker (postać fikcyjna)" ,
 "http://dbpedia.org/resource/Joker_(comics)" , "Joker (DC Comics)" ,
 "http://dbpedia.org/resource/Joker_(comics)" , "Джокер (DC Comics)" ,
 "http://dbpedia.org/resource/Joker_(comics)" , 小丑 (漫畫) ,
 "http://dbpedia.org/resource/General_Zod" , "General Zod" ,
 "http://dbpedia.org/resource/General_Zod" , "General Zod" ,
 "http://dbpedia.org/resource/General_Zod" , "Général Zod" ,
 "http://dbpedia.org/resource/General_Zod" , "Generale Zod" ,
 "http://dbpedia.org/resource/General_Zod" , "General Zod" ,
 "http://dbpedia.org/resource/General_Zod" , "Generał Zod" ,
 "http://dbpedia.org/resource/General_Zod" , "General Zod" ,
 "http://dbpedia.org/resource/General_Zod" , Генерал Зод ,
 "http://dbpedia.org/resource/General_Zod" , 薩德將軍 ,
 "http://dbpedia.org/resource/Margo_Lane" , "Margo Lane" ,
 "http://dbpedia.org/resource/Arnold_John_Flass" , "Arnold John Flass" ,
 "http://dbpedia.org/resource/Sal_Maroni" , "Salvatore Maroni" ,
 "http://dbpedia.org/resource/Sal_Maroni" , "Sal Maroni" ,
 "http://dbpedia.org/resource/Sal_Maroni" , "Sal Maroni" ,
 "http://dbpedia.org/resource/Sal_Maroni" , "Salvatore Maroni" ,
 "http://dbpedia.org/resource/Sal_Maroni" , "Sal Maroni" ,
 "http://dbpedia.org/resource/Batman" , "Batman" ,
 "http://dbpedia.org/resource/Batman" , باتمان ,
 "http://dbpedia.org/resource/Batman" , "Batman" ,
 "http://dbpedia.org/resource/Batman" , "Batman" ,
 "http://dbpedia.org/resource/Batman" , "Batman" ,
 "http://dbpedia.org/resource/Batman" , "Batman" ,
 "http://dbpedia.org/resource/Batman" , バットマン ,
 "http://dbpedia.org/resource/Batman" , "Batman (personage)" ,
 "http://dbpedia.org/resource/Batman" , "Batman" ,
 "http://dbpedia.org/resource/Batman" , "Batman" ,
 "http://dbpedia.org/resource/Batman" , Бэтмен ,
 "http://dbpedia.org/resource/Batman" , 蝙蝠俠 ,
 "http://dbpedia.org/resource/Captain_America" , "Captain America" ,
 "http://dbpedia.org/resource/Captain_America" , كابتن أمريكا ,
 "http://dbpedia.org/resource/Captain_America" , "Captain America" ,
 "http://dbpedia.org/resource/Captain_America" , "Capitán América" ,
 "http://dbpedia.org/resource/Captain_America" , "Captain America" ,
 "http://dbpedia.org/resource/Captain_America" , "Capitan America" ,
 "http://dbpedia.org/resource/Captain_America" , キャプテン・アメリカ ,
 "http://dbpedia.org/resource/Captain_America" , "Captain America" ,
 "http://dbpedia.org/resource/Captain_America" , "Kapitan Ameryka" ,
 "http://dbpedia.org/resource/Captain_America" , "Capitão América" ,
 "http://dbpedia.org/resource/Captain_America" , Капитан Америка ,
 "http://dbpedia.org/resource/Captain_America" , 美國隊長 ,
 "http://dbpedia.org/resource/Clark_Kent" , "Clark Kent" ,
 "http://dbpedia.org/resource/Clark_Kent" , "Clark Kent" ,
 "http://dbpedia.org/resource/Clark_Kent" , "Clark Kent" ,
 "http://dbpedia.org/resource/Clark_Kent" , スーパーマン (架空の人物) ,
 "http://dbpedia.org/resource/Clark_Kent" , "Clark Kent" ,
 "http://dbpedia.org/resource/Clark_Kent" , "Clark Kent" ,
 "http://dbpedia.org/resource/Jean_Grey" , "Jean Grey" ,
 "http://dbpedia.org/resource/Jean_Grey" , جين غراي ,
 "http://dbpedia.org/resource/Jean_Grey" , "Fénix (cómic)" ,
 "http://dbpedia.org/resource/Jean_Grey" , "Jean Grey" ,
 "http://dbpedia.org/resource/Jean_Grey" , "Jean Grey" ,
 "http://dbpedia.org/resource/Jean_Grey" , "Jean Grey" ,
 "http://dbpedia.org/resource/Jean_Grey" , "Jean Grey" ,
 "http://dbpedia.org/resource/Jean_Grey" , "Jean Grey" ,
 "http://dbpedia.org/resource/Jean_Grey" , Джина Грей ,
 "http://dbpedia.org/resource/Lex_Luthor" , "Lex Luthor" ,
 "http://dbpedia.org/resource/Lex_Luthor" , ليكس لوثر ,
 "http://dbpedia.org/resource/Lex_Luthor" , "Lex Luthor" ,
 "http://dbpedia.org/resource/Lex_Luthor" , "Lex Luthor" ,
 "http://dbpedia.org/resource/Lex_Luthor" , "Lex Luthor" ,
 "http://dbpedia.org/resource/Lex_Luthor" , "Lex Luthor" ,
 "http://dbpedia.org/resource/Lex_Luthor" , レックス・ルーサー ,
 "http://dbpedia.org/resource/Lex_Luthor" , "Lex Luthor" ,
 "http://dbpedia.org/resource/Lex_Luthor" , "Lex Luthor" ,
 "http://dbpedia.org/resource/Lex_Luthor" , "Lex Luthor" ,
 "http://dbpedia.org/resource/Lex_Luthor" , Лекс Лютор ,
 "http://dbpedia.org/resource/Lex_Luthor" , 雷克斯·路瑟 ,
 "http://dbpedia.org/resource/Lois_Lane" , "Lois Lane" ,
 "http://dbpedia.org/resource/Lois_Lane" , لويس لين ,
 "http://dbpedia.org/resource/Lois_Lane" , "Lois Lane" ,
 "http://dbpedia.org/resource/Lois_Lane" , "Lois Lane" ,
 "http://dbpedia.org/resource/Lois_Lane" , "Lois Lane" ,
 "http://dbpedia.org/resource/Lois_Lane" , "Lois Lane" ,
 "http://dbpedia.org/resource/Lois_Lane" , ロイス・レーン ,
 "http://dbpedia.org/resource/Lois_Lane" , "Lois Lane (Superman)" ,
 "http://dbpedia.org/resource/Lois_Lane" , "Lois Lane" ,
 "http://dbpedia.org/resource/Lois_Lane" , "Lois Lane" ,
 "http://dbpedia.org/resource/Lois_Lane" , Лоис Лейн ,
 "http://dbpedia.org/resource/Lois_Lane" , 露薏絲·蓮恩 ,
 "http://dbpedia.org/resource/Professor_X" , "Professor X" ,
 "http://dbpedia.org/resource/Professor_X" , "Charles Xavier" ,
 "http://dbpedia.org/resource/Professor_X" , "Professeur Xavier" ,
 "http://dbpedia.org/resource/Professor_X" , "Professor X" ,
 "http://dbpedia.org/resource/Professor_X" , "Professor X" ,
 "http://dbpedia.org/resource/Professor_X" , "Professor Charles Xavier" ,
 "http://dbpedia.org/resource/Professor_X" , "Profesor X" ,
 "http://dbpedia.org/resource/Professor_X" , Профессор Икс ,
 "http://dbpedia.org/resource/Professor_X" , "X教授" ,
 "http://dbpedia.org/resource/Spider-Man" , "Spider-Man" ,
 "http://dbpedia.org/resource/Spider-Man" , الرجل العنكبوت ,
 "http://dbpedia.org/resource/Spider-Man" , "Spider-Man" ,
 "http://dbpedia.org/resource/Spider-Man" , "Spider-Man" ,
 "http://dbpedia.org/resource/Spider-Man" , "Uomo Ragno" ,
 "http://dbpedia.org/resource/Spider-Man" , "Spider-Man" ,
 "http://dbpedia.org/resource/Spider-Man" , スパイダーマン ,
 "http://dbpedia.org/resource/Spider-Man" , "Spider-Man (stripfiguur)" ,
 "http://dbpedia.org/resource/Spider-Man" , "Spider-Man" ,
 "http://dbpedia.org/resource/Spider-Man" , "Homem-Aranha" ,
 "http://dbpedia.org/resource/Spider-Man" , Человек-паук ,
 "http://dbpedia.org/resource/Spider-Man" , 蜘蛛人 ,
 "http://dbpedia.org/resource/Superman" , "Superman" ,
 "http://dbpedia.org/resource/Superman" , سوبرمان ,
 "http://dbpedia.org/resource/Superman" , "Superman" ,
 "http://dbpedia.org/resource/Superman" , "Superman" ,
 "http://dbpedia.org/resource/Superman" , "Superman" ,
 "http://dbpedia.org/resource/Superman" , "Superman" ,
 "http://dbpedia.org/resource/Superman" , スーパーマン ,
 "http://dbpedia.org/resource/Superman" , "Superman" ,
 "http://dbpedia.org/resource/Superman" , "Superman" ,
 "http://dbpedia.org/resource/Superman" , "Superman" ,
 "http://dbpedia.org/resource/Superman" , Супермен ,
 "http://dbpedia.org/resource/Superman" , 超人 ,
 "http://dbpedia.org/resource/Amanda_Waller" , "Amanda Waller" ,
 "http://dbpedia.org/resource/Amanda_Waller" , "Amanda Waller" ,
 "http://dbpedia.org/resource/Amanda_Waller" , "Amanda Waller" ,
 "http://dbpedia.org/resource/Amanda_Waller" , "Amanda Waller" ,
 "http://dbpedia.org/resource/Amanda_Waller" , "Amanda Waller" ,
 "http://dbpedia.org/resource/Amanda_Waller" , 阿曼達·沃勒 ,
 "http://dbpedia.org/resource/Enchantress_(DC_Comics)" , "Enchantress (DC Comics)" ,
 "http://dbpedia.org/resource/Enchantress_(DC_Comics)" , "Encantadora (DC Comics)" ,
 "http://dbpedia.org/resource/Enchantress_(DC_Comics)" , "Incantatrice (DC Comics)" ,
 "http://dbpedia.org/resource/Enchantress_(DC_Comics)" , "Enchanteresse (DC Comics)" ,
 "http://dbpedia.org/resource/Enchantress_(DC_Comics)" , "Magia (DC Comics)" ,
 "http://dbpedia.org/resource/George_Stacy" , "George Stacy" ,
 "http://dbpedia.org/resource/George_Stacy" , "George Stacy" ,
 "http://dbpedia.org/resource/George_Stacy" , "George Stacy" ,
 "http://dbpedia.org/resource/George_Stacy" , "George Stacy" ,
 "http://dbpedia.org/resource/Gwen_Stacy" , "Gwen Stacy" ,
 "http://dbpedia.org/resource/Gwen_Stacy" , "Gwen Stacy" ,
 "http://dbpedia.org/resource/Gwen_Stacy" , "Gwen Stacy" ,
 "http://dbpedia.org/resource/Gwen_Stacy" , "Gwen Stacy" ,
 "http://dbpedia.org/resource/Gwen_Stacy" , "Gwen Stacy" ,
 "http://dbpedia.org/resource/Gwen_Stacy" , グウェン・ステイシー ,
 "http://dbpedia.org/resource/Gwen_Stacy" , "Gwen Stacy" ,
 "http://dbpedia.org/resource/Gwen_Stacy" , "Gwen Stacy" ,
 "http://dbpedia.org/resource/Gwen_Stacy" , Гвен Стейси ,
 "http://dbpedia.org/resource/Gwen_Stacy" , 關·史黛西 ,
 "http://dbpedia.org/resource/Lizard_(comics)" , "Lizard (comics)" ,
 "http://dbpedia.org/resource/Lizard_(comics)" , ليزارد (كوميكس) ,
 "http://dbpedia.org/resource/Lizard_(comics)" , "Lagarto (cómic)" ,
 "http://dbpedia.org/resource/Lizard_(comics)" , "Le Lézard" ,
 "http://dbpedia.org/resource/Lizard_(comics)" , "Lizard (personaggio)" ,
 "http://dbpedia.org/resource/Lizard_(comics)" , "Lizard (Marvel)" ,
 "http://dbpedia.org/resource/Lizard_(comics)" , "Jaszczur (postać komiksowa)" ,
 "http://dbpedia.org/resource/Lizard_(comics)" , "Lagarto (Marvel Comics)" ,
 "http://dbpedia.org/resource/Lizard_(comics)" , "Ящер (Marvel Comics)" ,
 "http://dbpedia.org/resource/Lizard_(comics)" , 蜥蜴人 ,
 "http://dbpedia.org/resource/Sabretooth_(comics)" , "Sabretooth (comics)" ,
 "http://dbpedia.org/resource/Sabretooth_(comics)" , "Sabretooth" ,
 "http://dbpedia.org/resource/Sabretooth_(comics)" , "Dents-de-sabre" ,
 "http://dbpedia.org/resource/Sabretooth_(comics)" , "Sabretooth" ,
 "http://dbpedia.org/resource/Sabretooth_(comics)" , "Sabretooth" ,
 "http://dbpedia.org/resource/Sabretooth_(comics)" , "Dentes-de-Sabre (Marvel Comics)" ,
 "http://dbpedia.org/resource/Sabretooth_(comics)" , "Саблезубый (Marvel Comics)" ,
 "http://dbpedia.org/resource/John_Steed" , "John Steed" ,
 "http://dbpedia.org/resource/John_Steed" , "John Steed" ,
 "http://dbpedia.org/resource/John_Steed" , "John Steed" ,
 "http://dbpedia.org/resource/John_Steed" , Джон Стид ,
 "http://dbpedia.org/resource/Azazel_(Marvel_Comics)" , "Azazel (Marvel Comics)" ,
 "http://dbpedia.org/resource/Azazel_(Marvel_Comics)" , "Azazel (cómic)" ,
 "http://dbpedia.org/resource/Azazel_(Marvel_Comics)" , "Azazel (Marvel Comics)" ,
 "http://dbpedia.org/resource/Azazel_(Marvel_Comics)" , "Azazel (Marvel Comics)" ,
 "http://dbpedia.org/resource/Azazel_(Marvel_Comics)" , "Azazel (Marvel Comics)" ,
 "http://dbpedia.org/resource/Azazel_(Marvel_Comics)" , "Азазель (Marvel Comics)" ,
 "http://dbpedia.org/resource/Dracula_(Marvel_Comics)" , "Dracula (Marvel Comics)" ,
 "http://dbpedia.org/resource/Dracula_(Marvel_Comics)" , "Drácula (Marvel Comics)" ,
 "http://dbpedia.org/resource/Dracula_(Marvel_Comics)" , "Dracula (Marvel Comics)" ,
 "http://dbpedia.org/resource/Dracula_(Marvel_Comics)" , "Dracula (Marvel Comics)" ,
 "http://dbpedia.org/resource/Dracula_(Marvel_Comics)" , "Drácula (Marvel Comics)" ,
 "http://dbpedia.org/resource/Dracula_(Marvel_Comics)" , "Дракула (Marvel Comics)" ,
 "http://dbpedia.org/resource/Dracula_(Marvel_Comics)" , 德古拉 (漫威漫畫) ,
 "http://dbpedia.org/resource/Floronic_Man" , "Floronic Man" ,
 "http://dbpedia.org/resource/Floronic_Man" , "Floronic Man" ,
 "http://dbpedia.org/resource/Floronic_Man" , "Homem Florônico" ,
 "http://dbpedia.org/resource/Joker_(character)" , "Joker (character)" ,
 "http://dbpedia.org/resource/Magneto_(comics)" , "Magneto (comics)" ,
 "http://dbpedia.org/resource/Magneto_(comics)" , ماغنيتو ,
 "http://dbpedia.org/resource/Magneto_(comics)" , "Magneto (Comicfigur)" ,
 "http://dbpedia.org/resource/Magneto_(comics)" , "Magneto (cómic)" ,
 "http://dbpedia.org/resource/Magneto_(comics)" , "Magnéto (comics)" ,
 "http://dbpedia.org/resource/Magneto_(comics)" , "Magneto" ,
 "http://dbpedia.org/resource/Magneto_(comics)" , "Magneto" ,
 "http://dbpedia.org/resource/Magneto_(comics)" , "Magneto" ,
 "http://dbpedia.org/resource/Magneto_(comics)" , "Magneto (postać fikcyjna)" ,
 "http://dbpedia.org/resource/Magneto_(comics)" , "Магнето (Marvel Comics)" ,
 "http://dbpedia.org/resource/Magneto_(comics)" , 萬磁王 ,
 "http://dbpedia.org/resource/Parallax_(comics)" , "Parallax (comics)" ,
 "http://dbpedia.org/resource/Parallax_(comics)" , "Parallax" ,
 "http://dbpedia.org/resource/Parallax_(comics)" , "Parallax (personaggio)" ,
 "http://dbpedia.org/resource/Parallax_(comics)" , "Parallax (comics)" ,
 "http://dbpedia.org/resource/Parallax_(comics)" , "Parallax" ,
 "http://dbpedia.org/resource/Parallax_(comics)" , "Параллакс (DC Comics)" ,
 "http://dbpedia.org/resource/Parallax_(comics)" , 百烈煞 ,
 "http://dbpedia.org/resource/The_Joker_(The_Dark_Knight)" , "The Joker (The Dark Knight)" ,
 "http://dbpedia.org/resource/War_Machine" , "War Machine" ,
 "http://dbpedia.org/resource/War_Machine" , "Máquina de Guerra" ,
 "http://dbpedia.org/resource/War_Machine" , "War Machine" ,
 "http://dbpedia.org/resource/War_Machine" , "War Machine (comics)" ,
 "http://dbpedia.org/resource/War_Machine" , "War Machine (Marvel)" ,
 "http://dbpedia.org/resource/War_Machine" , "Máquina de Combate" ,
 "http://dbpedia.org/resource/War_Machine" , Воитель ,
 "http://dbpedia.org/resource/War_Machine" , 戰爭機器 (漫畫) ,
 "http://dbpedia.org/resource/Beast_(comics)" , "Beast (comics)" ,
 "http://dbpedia.org/resource/Beast_(comics)" , "Bestia (Marvel Comics)" ,
 "http://dbpedia.org/resource/Beast_(comics)" , "Le Fauve" ,
 "http://dbpedia.org/resource/Beast_(comics)" , "Bestia (Marvel Comics)" ,
 "http://dbpedia.org/resource/Beast_(comics)" , "ビースト (X-メン)" ,
 "http://dbpedia.org/resource/Beast_(comics)" , "Beast (Marvel)" ,
 "http://dbpedia.org/resource/Beast_(comics)" , "Fera (Marvel Comics)" ,
 "http://dbpedia.org/resource/Beast_(comics)" , "Зверь (Marvel Comics)" ,
 "http://dbpedia.org/resource/Gillian_B._Loeb" , "Gillian B. Loeb" ,
 "http://dbpedia.org/resource/Gillian_B._Loeb" , "Gillian B. Loeb" ,
 "http://dbpedia.org/resource/Gillian_B._Loeb" , "Gillian B. Loeb" ,
 "http://dbpedia.org/resource/Iron_Monger" , "Iron Monger" ,
 "http://dbpedia.org/resource/Iron_Monger" , "Iron Monger" ,
 "http://dbpedia.org/resource/Iron_Monger" , "Iron Monger" ,
 "http://dbpedia.org/resource/Iron_Monger" , "Iron Monger" ,
 "http://dbpedia.org/resource/Iron_Monger" , "Iron Monger" ,
 "http://dbpedia.org/resource/Iron_Monger" , "Monge de Ferro" ,
 "http://dbpedia.org/resource/Iron_Monger" , Железный Торговец ,
 "http://dbpedia.org/resource/Hope_Pym" , "Nadia Pym" ,
 "http://dbpedia.org/resource/Hope_Pym" , "Hope Pym" ,
 "http://dbpedia.org/resource/Hope_Pym" , Хоуп Пим ,
 "http://dbpedia.org/resource/Hope_Pym" , "Hope Pym" ,
 "http://dbpedia.org/resource/Jane_Foster_(comics)" , "Jane Foster (comics)" ,
 "http://dbpedia.org/resource/Jane_Foster_(comics)" , "Jane Foster" ,
 "http://dbpedia.org/resource/Jane_Foster_(comics)" , "Jane Foster (comics)" ,
 "http://dbpedia.org/resource/Jane_Foster_(comics)" , "Jane Foster" ,
 "http://dbpedia.org/resource/Jane_Foster_(comics)" , ジェーン・フォスター ,
 "http://dbpedia.org/resource/Jane_Foster_(comics)" , "Jane Foster" ,
 "http://dbpedia.org/resource/Jane_Foster_(comics)" , Джейн Фостер ,
 "http://dbpedia.org/resource/Jane_Foster_(comics)" , 简·福斯特 ,
 "http://dbpedia.org/resource/Betty_Brant" , "Betty Brant" ,
 "http://dbpedia.org/resource/Betty_Brant" , "Betty Brant" ,
 "http://dbpedia.org/resource/Betty_Brant" , "Betty Brant" ,
 "http://dbpedia.org/resource/Betty_Brant" , "Betty Brant" ,
 "http://dbpedia.org/resource/Betty_Brant" , "Betty Brant" ,
 "http://dbpedia.org/resource/Betty_Ross" , "Betty Ross" ,
 "http://dbpedia.org/resource/Betty_Ross" , "Betty Ross" ,
 "http://dbpedia.org/resource/Betty_Ross" , "Betty Ross" ,
 "http://dbpedia.org/resource/Betty_Ross" , "Betty Ross" ,
 "http://dbpedia.org/resource/Betty_Ross" , "Betty Ross" ,
 "http://dbpedia.org/resource/Betty_Ross" , Бетти Росс ,
 "http://dbpedia.org/resource/Bishop_(comics)" , "Bishop (comics)" ,
 "http://dbpedia.org/resource/Bishop_(comics)" , "Bishop" ,
 "http://dbpedia.org/resource/Bishop_(comics)" , "Bishop (comics)" ,
 "http://dbpedia.org/resource/Bishop_(comics)" , "Alfiere (personaggio)" ,
 "http://dbpedia.org/resource/Bishop_(comics)" , "Bishop (Marvel)" ,
 "http://dbpedia.org/resource/Bishop_(comics)" , "Bishop" ,
 "http://dbpedia.org/resource/Bishop_(comics)" , "Бишоп (Marvel Comics)" ,
 "http://dbpedia.org/resource/Blade_(comics)" , "Blade (comics)" ,
 "http://dbpedia.org/resource/Blade_(comics)" , "Blade (Comic)" ,
 "http://dbpedia.org/resource/Blade_(comics)" , "Blade (cómic)" ,
 "http://dbpedia.org/resource/Blade_(comics)" , "Blade (Marvel Comics)" ,
 "http://dbpedia.org/resource/Blade_(comics)" , "Blade (comics)" ,
 "http://dbpedia.org/resource/Blade_(comics)" , ブレイド (マーベル・コミック) ,
 "http://dbpedia.org/resource/Blade_(comics)" , "Blade (Marvel)" ,
 "http://dbpedia.org/resource/Blade_(comics)" , "Blade (komiks)" ,
 "http://dbpedia.org/resource/Blade_(comics)" , "Blade (Marvel Comics)" ,
 "http://dbpedia.org/resource/Blade_(comics)" , Блэйд ,
 "http://dbpedia.org/resource/Blade_(comics)" , 幽靈刺客 ,
 "http://dbpedia.org/resource/Doomsday_(comics)" , "Doomsday (comics)" ,
 "http://dbpedia.org/resource/Doomsday_(comics)" , دومسداي ,
 "http://dbpedia.org/resource/Doomsday_(comics)" , "Doomsday" ,
 "http://dbpedia.org/resource/Doomsday_(comics)" , "Doomsday (comics)" ,
 "http://dbpedia.org/resource/Doomsday_(comics)" , "Doomsday (personaggio)" ,
 "http://dbpedia.org/resource/Doomsday_(comics)" , "Doomsday (DC Comics)" ,
 "http://dbpedia.org/resource/Doomsday_(comics)" , "Apocalypse (DC Comics)" ,
 "http://dbpedia.org/resource/Doomsday_(comics)" , Думсдэй ,
 "http://dbpedia.org/resource/Doomsday_(comics)" , 毀滅日 ,
 "http://dbpedia.org/resource/Emma_Peel" , "Emma Peel" ,
 "http://dbpedia.org/resource/Emma_Peel" , "Emma Peel" ,
 "http://dbpedia.org/resource/Emma_Peel" , "Emma Peel" ,
 "http://dbpedia.org/resource/Emma_Peel" , "Emma Peel" ,
 "http://dbpedia.org/resource/Emma_Peel" , Эмма Пил ,
 "http://dbpedia.org/resource/Ghost_Rider_(Johnny_Blaze)" , جوني بليز ,
 "http://dbpedia.org/resource/Ghost_Rider_(Johnny_Blaze)" , "Ghost Rider (Johnny Blaze)" ,
 "http://dbpedia.org/resource/Ghost_Rider_(Johnny_Blaze)" , "Ghost Rider (Johnny Blaze)" ,
 "http://dbpedia.org/resource/Ghost_Rider_(Johnny_Blaze)" , "Johnny Blaze" ,
 "http://dbpedia.org/resource/Guardians_of_the_Universe" , "Guardians of the Universe" ,
 "http://dbpedia.org/resource/Guardians_of_the_Universe" , "Guardianes del Universo" ,
 "http://dbpedia.org/resource/Guardians_of_the_Universe" , "Guardiani dell'Universo" ,
 "http://dbpedia.org/resource/Guardians_of_the_Universe" , ガーディアンズ・オブ・ザ・ユニバース ,
 "http://dbpedia.org/resource/Guardians_of_the_Universe" , "Guardiões do Universo" ,
 "http://dbpedia.org/resource/Mary_Jane_Watson" , "Mary Jane Watson" ,
 "http://dbpedia.org/resource/Mary_Jane_Watson" , "Mary Jane Watson" ,
 "http://dbpedia.org/resource/Mary_Jane_Watson" , "Mary Jane Watson" ,
 "http://dbpedia.org/resource/Mary_Jane_Watson" , "Mary Jane Watson" ,
 "http://dbpedia.org/resource/Mary_Jane_Watson" , "Mary Jane Watson" ,
 "http://dbpedia.org/resource/Mary_Jane_Watson" , メリー・ジェーン・ワトソン ,
 "http://dbpedia.org/resource/Mary_Jane_Watson" , "Mary Jane Watson" ,
 "http://dbpedia.org/resource/Mary_Jane_Watson" , Мэри Джейн Уотсон ,
 "http://dbpedia.org/resource/Mary_Jane_Watson" , 瑪莉·珍·華生 ,
 "http://dbpedia.org/resource/Vicki_Vale" , "Vicki Vale" ,
 "http://dbpedia.org/resource/Vicki_Vale" , "Vicki Vale" ,
 "http://dbpedia.org/resource/Vicki_Vale" , "Vicki Vale" ,
 "http://dbpedia.org/resource/Vicki_Vale" , "Vicki Vale" ,
 "http://dbpedia.org/resource/Vicki_Vale" , "Vicki Vale" ,
 "http://dbpedia.org/resource/Vicki_Vale" , Вики Вэйл ,
 "http://dbpedia.org/resource/Poison_Ivy_(comics)" , "Poison Ivy (comics)" ,
 "http://dbpedia.org/resource/Poison_Ivy_(comics)" , آيفي السامة (شخصية مصورة) ,
 "http://dbpedia.org/resource/Poison_Ivy_(comics)" , "Poison Ivy (Comics)" ,
 "http://dbpedia.org/resource/Poison_Ivy_(comics)" , "Hiedra Venenosa" ,
 "http://dbpedia.org/resource/Poison_Ivy_(comics)" , "L'Empoisonneuse" ,
 "http://dbpedia.org/resource/Poison_Ivy_(comics)" , "Poison Ivy" ,
 "http://dbpedia.org/resource/Poison_Ivy_(comics)" , ポイズン・アイビー ,
 "http://dbpedia.org/resource/Poison_Ivy_(comics)" , "Poison Ivy (Batman)" ,
 "http://dbpedia.org/resource/Poison_Ivy_(comics)" , "Trujący Bluszcz (postać)" ,
 "http://dbpedia.org/resource/Poison_Ivy_(comics)" , "Hera Venenosa" ,
 "http://dbpedia.org/resource/Poison_Ivy_(comics)" , "Ядовитый Плющ (DC Comics)" ,
 "http://dbpedia.org/resource/Poison_Ivy_(comics)" , 毒藤女 ,
 "http://dbpedia.org/resource/Thing_(comics)" , "Thing (comics)" ,
 "http://dbpedia.org/resource/Thing_(comics)" , "Thing (cómic)" ,
 "http://dbpedia.org/resource/Thing_(comics)" , "La Chose (comics)" ,
 "http://dbpedia.org/resource/Thing_(comics)" , "Cosa (personaggio)" ,
 "http://dbpedia.org/resource/Thing_(comics)" , "Het Ding" ,
 "http://dbpedia.org/resource/Thing_(comics)" , "Thing (komiks)" ,
 "http://dbpedia.org/resource/Thing_(comics)" , "Coisa (Marvel Comics)" ,
 "http://dbpedia.org/resource/Thing_(comics)" , "Существо (Marvel Comics)" ,
 "http://dbpedia.org/resource/Thing_(comics)" , 石頭人 ,
 "http://dbpedia.org/resource/Dick_Grayson" , "Dick Grayson" ,
 "http://dbpedia.org/resource/Dick_Grayson" , "Dick Grayson" ,
 "http://dbpedia.org/resource/Dick_Grayson" , "Dick Grayson" ,
 "http://dbpedia.org/resource/Dick_Grayson" , "Dick Grayson" ,
 "http://dbpedia.org/resource/Dick_Grayson" , ディック・グレイソン ,
 "http://dbpedia.org/resource/Dick_Grayson" , "Dick Grayson" ,
 "http://dbpedia.org/resource/Dick_Grayson" , "Dick Grayson" ,
 "http://dbpedia.org/resource/Dick_Grayson" , Дик Грейсон ,
 "http://dbpedia.org/resource/Dick_Grayson" , 迪克·格雷森 ,
 "http://dbpedia.org/resource/Harry_Osborn" , "Harry Osborn" ,
 "http://dbpedia.org/resource/Harry_Osborn" , "Harry Osborn" ,
 "http://dbpedia.org/resource/Harry_Osborn" , "Harry Osborn" ,
 "http://dbpedia.org/resource/Harry_Osborn" , "Harry Osborn" ,
 "http://dbpedia.org/resource/Harry_Osborn" , "Harry Osborn" ,
 "http://dbpedia.org/resource/Harry_Osborn" , "Harry Osborn" ,
 "http://dbpedia.org/resource/Harry_Osborn" , "Harry Osborn" ,
 "http://dbpedia.org/resource/Harry_Osborn" , Гарри Озборн ,
 "http://dbpedia.org/resource/Harry_Osborn" , 哈里·奥斯本 ,
 "http://dbpedia.org/resource/Deadshot" , "Deadshot" ,
 "http://dbpedia.org/resource/Deadshot" , "Deadshot" ,
 "http://dbpedia.org/resource/Deadshot" , "Deadshot" ,
 "http://dbpedia.org/resource/Deadshot" , "Deadshot" ,
 "http://dbpedia.org/resource/Deadshot" , "Deadshot" ,
 "http://dbpedia.org/resource/Deadshot" , デッドショット ,
 "http://dbpedia.org/resource/Deadshot" , "Deadshot" ,
 "http://dbpedia.org/resource/Deadshot" , "Deadshot" ,
 "http://dbpedia.org/resource/Deadshot" , "Pistoleiro (DC Comics)" ,
 "http://dbpedia.org/resource/Deadshot" , Дэдшот ,
 "http://dbpedia.org/resource/Deadshot" , 死亡射手 ,
 "http://dbpedia.org/resource/James_Gordon_Jr." , "James Gordon Jr" ,
 "http://dbpedia.org/resource/James_Gordon_Jr." , "James Gordon Jr." ,
 "http://dbpedia.org/resource/Abomination_(comics)" , "Abomination (comics)" ,
 "http://dbpedia.org/resource/Abomination_(comics)" , "Abominación (cómic)" ,
 "http://dbpedia.org/resource/Abomination_(comics)" , "Abomination (Marvel Comics)" ,
 "http://dbpedia.org/resource/Abomination_(comics)" , "Abominio" ,
 "http://dbpedia.org/resource/Abomination_(comics)" , "Abomination (Marvel)" ,
 "http://dbpedia.org/resource/Abomination_(comics)" , "Abominável" ,
 "http://dbpedia.org/resource/Abomination_(comics)" , "Мерзость (Marvel Comics)" ,
 "http://dbpedia.org/resource/Abomination_(comics)" , 惡煞 (漫畫) ,
 "http://dbpedia.org/resource/Alfred_Pennyworth" , "Alfred Pennyworth" ,
 "http://dbpedia.org/resource/Alfred_Pennyworth" , ألفريد بيني وورث ,
 "http://dbpedia.org/resource/Alfred_Pennyworth" , "Alfred Pennyworth" ,
 "http://dbpedia.org/resource/Alfred_Pennyworth" , "Alfred Pennyworth" ,
 "http://dbpedia.org/resource/Alfred_Pennyworth" , "Alfred Pennyworth" ,
 "http://dbpedia.org/resource/Alfred_Pennyworth" , "Alfred Pennyworth" ,
 "http://dbpedia.org/resource/Alfred_Pennyworth" , "Alfred Pennyworth" ,
 "http://dbpedia.org/resource/Alfred_Pennyworth" , "Alfred Pennyworth" ,
 "http://dbpedia.org/resource/Alfred_Pennyworth" , Альфред Пенниуорт ,
 "http://dbpedia.org/resource/Alfred_Pennyworth" , 阿尔弗莱德·潘尼沃斯 ,
 "http://dbpedia.org/resource/Black_Panther_(comics)" , "Black Panther (comics)" ,
 "http://dbpedia.org/resource/Black_Panther_(comics)" , "Pantera Negra (Marvel Comics)" ,
 "http://dbpedia.org/resource/Black_Panther_(comics)" , "Panthère noire (comics)" ,
 "http://dbpedia.org/resource/Black_Panther_(comics)" , "Pantera Nera (personaggio)" ,
 "http://dbpedia.org/resource/Black_Panther_(comics)" , "Black Panther (Marvel)" ,
 "http://dbpedia.org/resource/Black_Panther_(comics)" , "Czarna Pantera (Marvel)" ,
 "http://dbpedia.org/resource/Black_Panther_(comics)" , "Pantera Negra (Marvel Comics)" ,
 "http://dbpedia.org/resource/Black_Panther_(comics)" , "Чёрная пантера (Marvel Comics)" ,
 "http://dbpedia.org/resource/Black_Panther_(comics)" , 黑豹 (漫畫) ,
 "http://dbpedia.org/resource/Callisto_(comics)" , "Callisto (comics)" ,
 "http://dbpedia.org/resource/Callisto_(comics)" , "Callisto (Marvel Comics)" ,
 "http://dbpedia.org/resource/Callisto_(comics)" , "Callisto (comics)" ,
 "http://dbpedia.org/resource/Callisto_(comics)" , "Callisto (Marvel Comics)" ,
 "http://dbpedia.org/resource/Callisto_(comics)" , "Callisto (Marvel)" ,
 "http://dbpedia.org/resource/Callisto_(comics)" , "Callisto (Marvel Comics)" ,
 "http://dbpedia.org/resource/Cyclops_(comics)" , "Cyclops (comics)" ,
 "http://dbpedia.org/resource/Cyclops_(comics)" , "Cíclope (Marvel Comics)" ,
 "http://dbpedia.org/resource/Cyclops_(comics)" , "Cyclope (comics)" ,
 "http://dbpedia.org/resource/Cyclops_(comics)" , "Ciclope (Marvel Comics)" ,
 "http://dbpedia.org/resource/Cyclops_(comics)" , "Cyclops (X-Men)" ,
 "http://dbpedia.org/resource/Cyclops_(comics)" , "Ciclope (Marvel Comics)" ,
 "http://dbpedia.org/resource/Cyclops_(comics)" , "Циклоп (Marvel Comics)" ,
 "http://dbpedia.org/resource/Cyclops_(comics)" , 獨眼龍 (漫威漫畫) ,
 "http://dbpedia.org/resource/Darwin_(comics)" , "Darwin (comics)" ,
 "http://dbpedia.org/resource/Darwin_(comics)" , "Darwin (cómic)" ,
 "http://dbpedia.org/resource/Darwin_(comics)" , "Darwin (comics)" ,
 "http://dbpedia.org/resource/Darwin_(comics)" , "Darwin (personaggio)" ,
 "http://dbpedia.org/resource/Darwin_(comics)" , "Darwin (Marvel)" ,
 "http://dbpedia.org/resource/Darwin_(comics)" , "Darwin (Marvel Comics)" ,
 "http://dbpedia.org/resource/Darwin_(comics)" , "Дарвин (Marvel Comics)" ,
 "http://dbpedia.org/resource/Flash_Thompson" , "Flash Thompson" ,
 "http://dbpedia.org/resource/Flash_Thompson" , "Flash Thompson" ,
 "http://dbpedia.org/resource/Flash_Thompson" , "Flash Thompson" ,
 "http://dbpedia.org/resource/Flash_Thompson" , "Flash Thompson" ,
 "http://dbpedia.org/resource/Flash_Thompson" , "Flash Thompson" ,
 "http://dbpedia.org/resource/Flash_Thompson" , Флэш Томпсон ,
 "http://dbpedia.org/resource/Flash_Thompson" , 閃電·湯普森 ,
 "http://dbpedia.org/resource/John_Constantine" , "John Constantine" ,
 "http://dbpedia.org/resource/John_Constantine" , "John Constantine" ,
 "http://dbpedia.org/resource/John_Constantine" , "John Constantine" ,
 "http://dbpedia.org/resource/John_Constantine" , "John Constantine" ,
 "http://dbpedia.org/resource/John_Constantine" , ジョン・コンスタンティン ,
 "http://dbpedia.org/resource/John_Constantine" , Джон Константин ,
 "http://dbpedia.org/resource/John_Constantine" , 約翰·康斯坦汀 ,
 "http://dbpedia.org/resource/Jonah_Hex" , "Jonah Hex" ,
 "http://dbpedia.org/resource/Jonah_Hex" , "Jonah Hex" ,
 "http://dbpedia.org/resource/Jonah_Hex" , "Jonah Hex" ,
 "http://dbpedia.org/resource/Jonah_Hex" , "Jonah Hex" ,
 "http://dbpedia.org/resource/Jonah_Hex" , "Jonah Hex" ,
 "http://dbpedia.org/resource/Jonah_Hex" , ジョナ・ヘックス ,
 "http://dbpedia.org/resource/Jonah_Hex" , "Jonah Hex" ,
 "http://dbpedia.org/resource/Jonah_Hex" , Джона Хекс ,
 "http://dbpedia.org/resource/Jonah_Hex" , 約拿·海克斯 ,
 "http://dbpedia.org/resource/Martha_Wayne" , "Martha Wayne" ,
 "http://dbpedia.org/resource/Martha_Wayne" , "Martha Wayne" ,
 "http://dbpedia.org/resource/Martha_Wayne" , "Martha Wayne" ,
 "http://dbpedia.org/resource/Pepper_Potts" , "Pepper Potts" ,
 "http://dbpedia.org/resource/Pepper_Potts" , "Pepper Potts" ,
 "http://dbpedia.org/resource/Pepper_Potts" , "Pepper Potts" ,
 "http://dbpedia.org/resource/Pepper_Potts" , "Pepper Potts" ,
 "http://dbpedia.org/resource/Pepper_Potts" , "Pepper Potts" ,
 "http://dbpedia.org/resource/Pepper_Potts" , Пеппер Поттс ,
 "http://dbpedia.org/resource/Rogue_(comics)" , "Rogue (comics)" ,
 "http://dbpedia.org/resource/Rogue_(comics)" , "Rogue (cómic)" ,
 "http://dbpedia.org/resource/Rogue_(comics)" , "Malicia (comics)" ,
 "http://dbpedia.org/resource/Rogue_(comics)" , "Rogue (personaggio)" ,
 "http://dbpedia.org/resource/Rogue_(comics)" , "Rogue (Marvel Comics)" ,
 "http://dbpedia.org/resource/Rogue_(comics)" , "Rogue" ,
 "http://dbpedia.org/resource/Rogue_(comics)" , "Шельма (Marvel Comics)" ,
 "http://dbpedia.org/resource/Sandman_(Marvel_Comics)" , "Sandman (Marvel Comics)" ,
 "http://dbpedia.org/resource/Sandman_(Marvel_Comics)" , ساندمان (مارفل كوميكس) ,
 "http://dbpedia.org/resource/Sandman_(Marvel_Comics)" , "Hombre de Arena" ,
 "http://dbpedia.org/resource/Sandman_(Marvel_Comics)" , "L'Homme-sable" ,
 "http://dbpedia.org/resource/Sandman_(Marvel_Comics)" , "Uomo Sabbia" ,
 "http://dbpedia.org/resource/Sandman_(Marvel_Comics)" , "Sandman (Marvel)" ,
 "http://dbpedia.org/resource/Sandman_(Marvel_Comics)" , "Sandman (postać z komiksów Marvela)" ,
 "http://dbpedia.org/resource/Sandman_(Marvel_Comics)" , "Homem-Areia" ,
 "http://dbpedia.org/resource/Sandman_(Marvel_Comics)" , "Песочный человек (Marvel Comics)" ,
 "http://dbpedia.org/resource/Sandman_(Marvel_Comics)" , 沙人 (漫威漫畫) ,
 "http://dbpedia.org/resource/Sebastian_Shaw_(comics)" , "Sebastian Shaw (comics)" ,
 "http://dbpedia.org/resource/Sebastian_Shaw_(comics)" , "Sebastian Shaw (cómic)" ,
 "http://dbpedia.org/resource/Sebastian_Shaw_(comics)" , "Sebastian Shaw (comics)" ,
 "http://dbpedia.org/resource/Sebastian_Shaw_(comics)" , "Sebastian Shaw (personaggio)" ,
 "http://dbpedia.org/resource/Sebastian_Shaw_(comics)" , "Sebastian Shaw (Marvel)" ,
 "http://dbpedia.org/resource/Sebastian_Shaw_(comics)" , "Sebastian Shaw" ,
 "http://dbpedia.org/resource/Sebastian_Shaw_(comics)" , "Себастьян Шоу (Marvel Comics)" ,
 "http://dbpedia.org/resource/Thomas_Wayne" , "Thomas Wayne" ,
 "http://dbpedia.org/resource/Thomas_Wayne" , "Thomas Wayne" ,
 "http://dbpedia.org/resource/Thomas_Wayne" , "Thomas Wayne" ,
 "http://dbpedia.org/resource/Thomas_Wayne" , "Thomas Wayne" ,
 "http://dbpedia.org/resource/Burglar_(comics)" , "Ratero (Marvel Comics)" ,
 "http://dbpedia.org/resource/Burglar_(comics)" , "Le Cambrioleur" ,
 "http://dbpedia.org/resource/Burglar_(comics)" , "Ladro (personaggio)" ,
 "http://dbpedia.org/resource/Burglar_(comics)" , "Burglar (comics)" ,
 "http://dbpedia.org/resource/Apocalypse_(comics)" , "Apocalypse (comics)" ,
 "http://dbpedia.org/resource/Apocalypse_(comics)" , "Apocalipsis (cómic)" ,
 "http://dbpedia.org/resource/Apocalypse_(comics)" , "Apocalypse (comics)" ,
 "http://dbpedia.org/resource/Apocalypse_(comics)" , "Apocalisse (personaggio)" ,
 "http://dbpedia.org/resource/Apocalypse_(comics)" , "Apocalypse (Marvel)" ,
 "http://dbpedia.org/resource/Apocalypse_(comics)" , "Apocalipse (Marvel Comics)" ,
 "http://dbpedia.org/resource/Apocalypse_(comics)" , "Апокалипсис (Marvel Comics)" ,
 "http://dbpedia.org/resource/Apocalypse_(comics)" , 天啟 (漫威漫畫) ,
 "http://dbpedia.org/resource/Eddie_Brock" , "Eddie Brock" ,
 "http://dbpedia.org/resource/Eddie_Brock" , "Eddie Brock" ,
 "http://dbpedia.org/resource/Eddie_Brock" , Эдди Брок ,
 "http://dbpedia.org/resource/Michelangelo_(Teenage_Mutant_Ninja_Turtles)" , "Michelangelo (Teenage Mutant Ninja Turtles)" ,
 "http://dbpedia.org/resource/Michelangelo_(Teenage_Mutant_Ninja_Turtles)" , مايكل أنجلو (شخصية خيالية) ,
 "http://dbpedia.org/resource/Michelangelo_(Teenage_Mutant_Ninja_Turtles)" , "Michelangelo (Tortugas ninja)" ,
 "http://dbpedia.org/resource/Michelangelo_(Teenage_Mutant_Ninja_Turtles)" , "Michelangelo (Tortues Ninja)" ,
 "http://dbpedia.org/resource/Michelangelo_(Teenage_Mutant_Ninja_Turtles)" , "Michelangelo (personaggio)" ,
 "http://dbpedia.org/resource/Michelangelo_(Teenage_Mutant_Ninja_Turtles)" , "Michelangelo (Teenage Mutant Ninja Turtles)" ,
 "http://dbpedia.org/resource/Michelangelo_(Teenage_Mutant_Ninja_Turtles)" , Микеланджело (Черепашки-ниндзя) ,
 "http://dbpedia.org/resource/Michelangelo_(Teenage_Mutant_Ninja_Turtles)" , "Michelangelo (Teenage Mutant Ninja Turtles)" ,
 "http://dbpedia.org/resource/Raphael_(Teenage_Mutant_Ninja_Turtles)" , "Raphael (Teenage Mutant Ninja Turtles)" ,
 "http://dbpedia.org/resource/Raphael_(Teenage_Mutant_Ninja_Turtles)" , رفاييل (شخصية خيالية) ,
 "http://dbpedia.org/resource/Raphael_(Teenage_Mutant_Ninja_Turtles)" , "Raphael (Tortugas ninja)" ,
 "http://dbpedia.org/resource/Raphael_(Teenage_Mutant_Ninja_Turtles)" , "Raphael (Tortues Ninja)" ,
 "http://dbpedia.org/resource/Raphael_(Teenage_Mutant_Ninja_Turtles)" , "Raffaello (Tartarughe Ninja)" ,
 "http://dbpedia.org/resource/Raphael_(Teenage_Mutant_Ninja_Turtles)" , "Raphael (Teenage Mutant Ninja Turtles)" ,
 "http://dbpedia.org/resource/Raphael_(Teenage_Mutant_Ninja_Turtles)" , Рафаэль (Черепашки-ниндзя) ,
 "http://dbpedia.org/resource/Raphael_(Teenage_Mutant_Ninja_Turtles)" , "Raphael (Teenage Mutant Ninja Turtles)" ,
 "http://dbpedia.org/resource/Raphael_(Teenage_Mutant_Ninja_Turtles)" , 拉斐尔 (忍者神龟) ,
 "http://dbpedia.org/resource/Rocketeer" , "Rocketeer" ,
 "http://dbpedia.org/resource/Rocketeer" , "Rocketeer" ,
 "http://dbpedia.org/resource/Rocketeer" , "Rocketeer" ,
 "http://dbpedia.org/resource/Shredder_(Teenage_Mutant_Ninja_Turtles)" , شردر ,
 "http://dbpedia.org/resource/Shredder_(Teenage_Mutant_Ninja_Turtles)" , "Shredder (Teenage Mutant Ninja Turtles)" ,
 "http://dbpedia.org/resource/Shredder_(Teenage_Mutant_Ninja_Turtles)" , "Shredder" ,
 "http://dbpedia.org/resource/Shredder_(Teenage_Mutant_Ninja_Turtles)" , "Shredder" ,
 "http://dbpedia.org/resource/Shredder_(Teenage_Mutant_Ninja_Turtles)" , "Shredder (personaggio)" ,
 "http://dbpedia.org/resource/Shredder_(Teenage_Mutant_Ninja_Turtles)" , "Shredder (Teenage Mutant Ninja Turtles)" ,
 "http://dbpedia.org/resource/Shredder_(Teenage_Mutant_Ninja_Turtles)" , Шреддер (Черепашки-ниндзя) ,
 "http://dbpedia.org/resource/Shredder_(Teenage_Mutant_Ninja_Turtles)" , "Shredder (Teenage Mutant Ninja Turtles)" ,
 "http://dbpedia.org/resource/Shredder_(Teenage_Mutant_Ninja_Turtles)" , 施莱德 (忍者神龟) ,
 "http://dbpedia.org/resource/April_O'Neil" , ايبريل آونيل ,
 "http://dbpedia.org/resource/April_O'Neil" , "April O'Neil" ,
 "http://dbpedia.org/resource/April_O'Neil" , "April O'Neil" ,
 "http://dbpedia.org/resource/April_O'Neil" , "April O'Neil" ,
 "http://dbpedia.org/resource/April_O'Neil" , "April O'Neil" ,
 "http://dbpedia.org/resource/April_O'Neil" , "April O'Neil" ,
 "http://dbpedia.org/resource/April_O'Neil" , "April O'Neil" ,
 "http://dbpedia.org/resource/April_O'Neil" , Эйприл О’Нил ,
 "http://dbpedia.org/resource/Bibbo_Bibbowski" , "Bibbo Bibbowski" ,
 "http://dbpedia.org/resource/Bibbo_Bibbowski" , "Bibbo Bibbowski" ,
 "http://dbpedia.org/resource/Uncle_Ben" , "Uncle Ben" ,
 "http://dbpedia.org/resource/Uncle_Ben" , "Tía May y Tío Ben" ,
 "http://dbpedia.org/resource/Uncle_Ben" , "Benjamin Parker" ,
 "http://dbpedia.org/resource/Uncle_Ben" , "Ben Parker" ,
 "http://dbpedia.org/resource/Uncle_Ben" , "Ben Parker (stripfiguur)" ,
 "http://dbpedia.org/resource/Uncle_Ben" , "Ben Parker" ,
 "http://dbpedia.org/resource/Uncle_Ben" , Дядя Бен ,
 "http://dbpedia.org/resource/Jimmy_Olsen" , "Jimmy Olsen" ,
 "http://dbpedia.org/resource/Jimmy_Olsen" , "Jimmy Olsen" ,
 "http://dbpedia.org/resource/Jimmy_Olsen" , "Jimmy Olsen" ,
 "http://dbpedia.org/resource/Jimmy_Olsen" , "Jimmy Olsen" ,
 "http://dbpedia.org/resource/Jimmy_Olsen" , "Jimmy Olsen" ,
 "http://dbpedia.org/resource/Jimmy_Olsen" , "Jimmy Olsen" ,
 "http://dbpedia.org/resource/Jimmy_Olsen" , "Jimmy Olsen" ,
 "http://dbpedia.org/resource/Jimmy_Olsen" , "Jimmy Olsen" ,
 "http://dbpedia.org/resource/Moira_MacTaggert" , "Moira MacTaggert" ,
 "http://dbpedia.org/resource/Moira_MacTaggert" , "Moira MacTaggert" ,
 "http://dbpedia.org/resource/Moira_MacTaggert" , "Moira MacTaggert" ,
 "http://dbpedia.org/resource/Moira_MacTaggert" , "Moira MacTaggert" ,
 "http://dbpedia.org/resource/Moira_MacTaggert" , "Moira McTaggert" ,
 "http://dbpedia.org/resource/Moira_MacTaggert" , Мойра Мактаггерт ,
 "http://dbpedia.org/resource/Nightcrawler_(comics)" , "Nightcrawler (comics)" ,
 "http://dbpedia.org/resource/Nightcrawler_(comics)" , "Nightcrawler" ,
 "http://dbpedia.org/resource/Nightcrawler_(comics)" , "Diablo (Kurt Wagner)" ,
 "http://dbpedia.org/resource/Nightcrawler_(comics)" , "Nightcrawler" ,
 "http://dbpedia.org/resource/Nightcrawler_(comics)" , ナイトクローラー ,
 "http://dbpedia.org/resource/Nightcrawler_(comics)" , "Nightcrawler (Marvel)" ,
 "http://dbpedia.org/resource/Nightcrawler_(comics)" , "Noturno (Marvel Comics)" ,
 "http://dbpedia.org/resource/Nightcrawler_(comics)" , Ночной Змей ,
 "http://dbpedia.org/resource/Nightcrawler_(comics)" , 夜行者 (漫畫) ,
 "http://dbpedia.org/resource/Riddler" , "Riddler" ,
 "http://dbpedia.org/resource/Riddler" , ريدلر ,
 "http://dbpedia.org/resource/Riddler" , "Riddler" ,
 "http://dbpedia.org/resource/Riddler" , "Riddler" ,
 "http://dbpedia.org/resource/Riddler" , "Sphinx (comics)" ,
 "http://dbpedia.org/resource/Riddler" , "Enigmista" ,
 "http://dbpedia.org/resource/Riddler" , リドラー ,
 "http://dbpedia.org/resource/Riddler" , "Riddler" ,
 "http://dbpedia.org/resource/Riddler" , "Człowiek-Zagadka" ,
 "http://dbpedia.org/resource/Riddler" , "Charada (DC Comics)" ,
 "http://dbpedia.org/resource/Riddler" , Загадочник ,
 "http://dbpedia.org/resource/Riddler" , 謎語人 ,
 "http://dbpedia.org/resource/Chris_Bradley" , "Chris Bradley" ,
 "http://dbpedia.org/resource/Chris_Bradley" , "Chris Bradley" ,
 "http://dbpedia.org/resource/Chris_Bradley" , "Bolt (Marvel Comics)" ,
 "http://dbpedia.org/resource/Chris_Bradley" , "Chris Bradley" ,
 "http://dbpedia.org/resource/Fandral" , "Fandral" ,
 "http://dbpedia.org/resource/Fandral" , "Fandral" ,
 "http://dbpedia.org/resource/Hogun" , "Hogun" ,
 "http://dbpedia.org/resource/Julie_Madison" , "Julie Madison" ,
 "http://dbpedia.org/resource/Tom_Manning_(comics)" , "Tom Manning (comics)" ,
 "http://dbpedia.org/resource/Tom_Manning_(comics)" , "Tom Manning" ,
 "http://dbpedia.org/resource/Tom_Manning_(comics)" , "Tom Manning" ,
 "http://dbpedia.org/resource/Tom_Manning_(comics)" , 湯姆·曼寧 (黑馬漫畫) ,
 "http://dbpedia.org/resource/Volstagg" , "Volstagg" ,
 "http://dbpedia.org/resource/Hector_Hammond" , "Hector Hammond" ,
 "http://dbpedia.org/resource/Hector_Hammond" , "Hector Hammond" ,
 "http://dbpedia.org/resource/Hector_Hammond" , "Hector Hammond" ,
 "http://dbpedia.org/resource/Hector_Hammond" , "Hector Hammond" ,
 "http://dbpedia.org/resource/Hector_Hammond" , Гектор Хаммонд ,
 "http://dbpedia.org/resource/Jax-Ur" , "Jax-Ur" ,
 "http://dbpedia.org/resource/Jax-Ur" , "Jax-Ur" ,
 "http://dbpedia.org/resource/Quentin_Turnbull" , "Quentin Turnbull" ,
 "http://dbpedia.org/resource/Erik_Selvig" , "Erik Selvig" ,
 "http://dbpedia.org/resource/Erik_Selvig" , "Erik Selvig" ,
 "http://dbpedia.org/resource/Erik_Selvig" , "Erik Selvig" ,
 "http://dbpedia.org/resource/Erik_Selvig" , Эрик Селвиг ,
 "http://dbpedia.org/resource/Erik_Selvig" , "Erik Selvig" ,
 "http://dbpedia.org/resource/Blake_Tower" , "Blake Tower" ,
 "http://dbpedia.org/resource/Blake_Tower" , "Blake Tower" ,
 "http://dbpedia.org/resource/Bane_(comics)" , بين (شخصية مصورة) ,
 "http://dbpedia.org/resource/Bane_(comics)" , "Bane (comics)" ,
 "http://dbpedia.org/resource/Bane_(comics)" , "Bane (Comic)" ,
 "http://dbpedia.org/resource/Bane_(comics)" , "Bane (cómic)" ,
 "http://dbpedia.org/resource/Bane_(comics)" , "Bane (comics)" ,
 "http://dbpedia.org/resource/Bane_(comics)" , "Bane (DC Comics)" ,
 "http://dbpedia.org/resource/Bane_(comics)" , ベイン ,
 "http://dbpedia.org/resource/Bane_(comics)" , "Bane (DC)" ,
 "http://dbpedia.org/resource/Bane_(comics)" , "Bane (postać fikcyjna)" ,
 "http://dbpedia.org/resource/Bane_(comics)" , "Bane" ,
 "http://dbpedia.org/resource/Bane_(comics)" , "Бэйн (DC Comics)" ,
 "http://dbpedia.org/resource/Bane_(comics)" , "班恩 (DC漫畫)" ,
 "http://dbpedia.org/resource/Bullseye_(comics)" , "Bullseye (comics)" ,
 "http://dbpedia.org/resource/Bullseye_(comics)" , "Bullseye (Marvel Comics)" ,
 "http://dbpedia.org/resource/Bullseye_(comics)" , "Bullseye" ,
 "http://dbpedia.org/resource/Bullseye_(comics)" , "Bullseye" ,
 "http://dbpedia.org/resource/Bullseye_(comics)" , "Bullseye (Marvel)" ,
 "http://dbpedia.org/resource/Bullseye_(comics)" , "Mercenário (Marvel Comics)" ,
 "http://dbpedia.org/resource/Bullseye_(comics)" , "Меченый (Marvel Comics)" ,
 "http://dbpedia.org/resource/Bullseye_(comics)" , 靶眼 (漫威漫畫) ,
 "http://dbpedia.org/resource/Doctor_Octopus" , "Doctor Octopus" ,
 "http://dbpedia.org/resource/Doctor_Octopus" , دكتور أخطبوط ,
 "http://dbpedia.org/resource/Doctor_Octopus" , "Doctor Octopus" ,
 "http://dbpedia.org/resource/Doctor_Octopus" , "Docteur Octopus" ,
 "http://dbpedia.org/resource/Doctor_Octopus" , "Dottor Octopus" ,
 "http://dbpedia.org/resource/Doctor_Octopus" , ドクター・オクトパス ,
 "http://dbpedia.org/resource/Doctor_Octopus" , "Dr. Octopus" ,
 "http://dbpedia.org/resource/Doctor_Octopus" , "Doktor Octopus" ,
 "http://dbpedia.org/resource/Doctor_Octopus" , "Doutor Octopus" ,
 "http://dbpedia.org/resource/Doctor_Octopus" , Доктор Осьминог ,
 "http://dbpedia.org/resource/Doctor_Octopus" , 八爪博士 ,
 "http://dbpedia.org/resource/Donatello_(Teenage_Mutant_Ninja_Turtles)" , "Donatello (Teenage Mutant Ninja Turtles)" ,
 "http://dbpedia.org/resource/Donatello_(Teenage_Mutant_Ninja_Turtles)" , دوناتيلو (شخصية خيالية) ,
 "http://dbpedia.org/resource/Donatello_(Teenage_Mutant_Ninja_Turtles)" , "Donatello (Tortugas ninja)" ,
 "http://dbpedia.org/resource/Donatello_(Teenage_Mutant_Ninja_Turtles)" , "Donatello (Tortues Ninja)" ,
 "http://dbpedia.org/resource/Donatello_(Teenage_Mutant_Ninja_Turtles)" , "Donatello (personaggio)" ,
 "http://dbpedia.org/resource/Donatello_(Teenage_Mutant_Ninja_Turtles)" , "Donatello (Teenage Mutant Ninja Turtles)" ,
 "http://dbpedia.org/resource/Donatello_(Teenage_Mutant_Ninja_Turtles)" , Донателло (Черепашки-ниндзя) ,
 "http://dbpedia.org/resource/Donatello_(Teenage_Mutant_Ninja_Turtles)" , "Donatello (Teenage Mutant Ninja Turtles)" ,
 "http://dbpedia.org/resource/Emma_Frost" , "Emma Frost" ,
 "http://dbpedia.org/resource/Emma_Frost" , "Emma Frost" ,
 "http://dbpedia.org/resource/Emma_Frost" , "Emma Frost" ,
 "http://dbpedia.org/resource/Emma_Frost" , "Emma Frost" ,
 "http://dbpedia.org/resource/Emma_Frost" , "Emma Frost" ,
 "http://dbpedia.org/resource/Emma_Frost" , "Emma Frost" ,
 "http://dbpedia.org/resource/Emma_Frost" , Эмма Фрост ,
 "http://dbpedia.org/resource/James_Gordon_(comics)" , جيمس غوردون (شخصية مصورة) ,
 "http://dbpedia.org/resource/James_Gordon_(comics)" , "James Gordon (comics)" ,
 "http://dbpedia.org/resource/James_Gordon_(comics)" , "James Gordon (cómic)" ,
 "http://dbpedia.org/resource/James_Gordon_(comics)" , "James Gordon" ,
 "http://dbpedia.org/resource/James_Gordon_(comics)" , "James Gordon" ,
 "http://dbpedia.org/resource/James_Gordon_(comics)" , "James Gordon (DC)" ,
 "http://dbpedia.org/resource/James_Gordon_(comics)" , "James Gordon" ,
 "http://dbpedia.org/resource/James_Gordon_(comics)" , "Jim Gordon" ,
 "http://dbpedia.org/resource/James_Gordon_(comics)" , Джеймс Гордон ,
 "http://dbpedia.org/resource/James_Gordon_(comics)" , 詹姆斯·戈顿 (漫画) ,
 "http://dbpedia.org/resource/Mercy_Graves" , "Mercy Graves" ,
 "http://dbpedia.org/resource/Mr._Freeze" , "Mr. Freeze" ,
 "http://dbpedia.org/resource/Mr._Freeze" , "Sr. Frío" ,
 "http://dbpedia.org/resource/Mr._Freeze" , "Mr. Freeze (comics)" ,
 "http://dbpedia.org/resource/Mr._Freeze" , "Mister Freeze" ,
 "http://dbpedia.org/resource/Mr._Freeze" , ミスター・フリーズ ,
 "http://dbpedia.org/resource/Mr._Freeze" , "Mr. Freeze (DC Comics)" ,
 "http://dbpedia.org/resource/Mr._Freeze" , "Mr. Freeze" ,
 "http://dbpedia.org/resource/Mr._Freeze" , "Senhor Frio" ,
 "http://dbpedia.org/resource/Mr._Freeze" , Мистер Фриз ,
 "http://dbpedia.org/resource/Mr._Freeze" , "Mr. Freeze" ,
 "http://dbpedia.org/resource/Mr._Freeze" , 急冻人 ,
 "http://dbpedia.org/resource/Nick_Fury" , "Nick Fury" ,
 "http://dbpedia.org/resource/Nick_Fury" , "Nick Fury" ,
 "http://dbpedia.org/resource/Nick_Fury" , "Nick Fury" ,
 "http://dbpedia.org/resource/Nick_Fury" , "Nick Fury" ,
 "http://dbpedia.org/resource/Nick_Fury" , ニック・フューリー ,
 "http://dbpedia.org/resource/Nick_Fury" , "Nick Fury" ,
 "http://dbpedia.org/resource/Nick_Fury" , "Nick Fury" ,
 "http://dbpedia.org/resource/Nick_Fury" , Ник Фьюри ,
 "http://dbpedia.org/resource/Nick_Fury" , 尼克·福瑞 ,
 "http://dbpedia.org/resource/Scarecrow_(DC_Comics)" , "Scarecrow (DC Comics)" ,
 "http://dbpedia.org/resource/Scarecrow_(DC_Comics)" , الفزاعة (دي سي كومكس) ,
 "http://dbpedia.org/resource/Scarecrow_(DC_Comics)" , "Scarecrow (Comicfigur)" ,
 "http://dbpedia.org/resource/Scarecrow_(DC_Comics)" , "El Espantapájaros" ,
 "http://dbpedia.org/resource/Scarecrow_(DC_Comics)" , "Épouvantail (DC Comics)" ,
 "http://dbpedia.org/resource/Scarecrow_(DC_Comics)" , "Spaventapasseri (DC Comics)" ,
 "http://dbpedia.org/resource/Scarecrow_(DC_Comics)" , スケアクロウ (バットマン) ,
 "http://dbpedia.org/resource/Scarecrow_(DC_Comics)" , "Scarecrow (Batman)" ,
 "http://dbpedia.org/resource/Scarecrow_(DC_Comics)" , "Strach na Wróble" ,
 "http://dbpedia.org/resource/Scarecrow_(DC_Comics)" , "Espantalho (DC Comics)" ,
 "http://dbpedia.org/resource/Scarecrow_(DC_Comics)" , "Пугало (DC Comics)" ,
 "http://dbpedia.org/resource/Scarecrow_(DC_Comics)" , 稻草人 (漫画) ,
 "http://dbpedia.org/resource/Ultron" , "Ultron" ,
 "http://dbpedia.org/resource/Ultron" , "Ultron" ,
 "http://dbpedia.org/resource/Ultron" , "Ultron" ,
 "http://dbpedia.org/resource/Ultron" , "Ultron" ,
 "http://dbpedia.org/resource/Ultron" , "Ultron" ,
 "http://dbpedia.org/resource/Ultron" , ウルトロン (マーベル・コミック) ,
 "http://dbpedia.org/resource/Ultron" , "Ultron" ,
 "http://dbpedia.org/resource/Ultron" , Альтрон ,
 "http://dbpedia.org/resource/Ultron" , 奧創 ,
 "http://dbpedia.org/resource/Wolverine_(character)" , "Wolverine (character)" ,
 "http://dbpedia.org/resource/Wolverine_(character)" , وولفرين ,
 "http://dbpedia.org/resource/Wolverine_(character)" , "Wolverine (Comicfigur)" ,
 "http://dbpedia.org/resource/Wolverine_(character)" , "Wolverine" ,
 "http://dbpedia.org/resource/Wolverine_(character)" , "Wolverine" ,
 "http://dbpedia.org/resource/Wolverine_(character)" , "Wolverine" ,
 "http://dbpedia.org/resource/Wolverine_(character)" , ウルヴァリン ,
 "http://dbpedia.org/resource/Wolverine_(character)" , "Wolverine" ,
 "http://dbpedia.org/resource/Wolverine_(character)" , "Wolverine (Marvel)" ,
 "http://dbpedia.org/resource/Wolverine_(character)" , "Wolverine" ,
 "http://dbpedia.org/resource/Wolverine_(character)" , "Росомаха (Marvel Comics)" ,
 "http://dbpedia.org/resource/Wolverine_(character)" , 金鋼狼 ,
 "http://dbpedia.org/resource/Batgirl" , فتاة الوطواط ,
 "http://dbpedia.org/resource/Batgirl" , "Batgirl" ,
 "http://dbpedia.org/resource/Batgirl" , "Batgirl" ,
 "http://dbpedia.org/resource/Batgirl" , "Batgirl" ,
 "http://dbpedia.org/resource/Batgirl" , "Batgirl" ,
 "http://dbpedia.org/resource/Batgirl" , "Batgirl" ,
 "http://dbpedia.org/resource/Batgirl" , バットガール ,
 "http://dbpedia.org/resource/Batgirl" , "Batgirl" ,
 "http://dbpedia.org/resource/Batgirl" , "Batgirl" ,
 "http://dbpedia.org/resource/Batgirl" , "Batgirl" ,
 "http://dbpedia.org/resource/Batgirl" , Бэтгёрл ,
 "http://dbpedia.org/resource/Batgirl" , 蝙蝠女孩 ,
 "http://dbpedia.org/resource/Perry_White" , "Perry White" ,
 "http://dbpedia.org/resource/Perry_White" , "Perry White" ,
 "http://dbpedia.org/resource/Perry_White" , "Perry White" ,
 "http://dbpedia.org/resource/Perry_White" , "Perry White" ,
 "http://dbpedia.org/resource/Perry_White" , "Perry White" ,
 "http://dbpedia.org/resource/Perry_White" , "Perry White" ,
 "http://dbpedia.org/resource/Perry_White" , "Perry White" ,
 "http://dbpedia.org/resource/Maggie_Murdock" , "Suor Maggie" ,
 "http://dbpedia.org/resource/Maggie_Murdock" , "Maggie Murdock" ,
 "http://dbpedia.org/resource/Alicia_Masters" , "Alicia Masters" ,
 "http://dbpedia.org/resource/Alicia_Masters" , "Alicia Masters" ,
 "http://dbpedia.org/resource/Alicia_Masters" , "Alicia Masters" ,
 "http://dbpedia.org/resource/Alicia_Masters" , "Alicia Masters" ,
 "http://dbpedia.org/resource/Alicia_Masters" , "Alicia Masters" ,
 "http://dbpedia.org/resource/Alicia_Masters" , Алисия Мастерс ,
 "http://dbpedia.org/resource/Liz_Sherman" , "Liz Sherman" ,
 "http://dbpedia.org/resource/Liz_Sherman" , "Liz Sherman" ,
 "http://dbpedia.org/resource/Liz_Sherman" , "Elizabeth Sherman" ,
 "http://dbpedia.org/resource/Liz_Sherman" , "Liz Sherman" ,
 "http://dbpedia.org/resource/Liz_Sherman" , 麗茲·雪曼 ,
 "http://dbpedia.org/resource/Odin_(comics)" , "Odin (comics)" ,
 "http://dbpedia.org/resource/Odin_(comics)" , "Odín (cómic)" ,
 "http://dbpedia.org/resource/Odin_(comics)" , "Odino (personaggio)" ,
 "http://dbpedia.org/resource/Odin_(comics)" , "Odin (Marvel Comics)" ,
 "http://dbpedia.org/resource/Odin_(comics)" , "Odin (Marvel)" ,
 "http://dbpedia.org/resource/Odin_(comics)" , "Odin (Marvel Comics)" ,
 "http://dbpedia.org/resource/Odin_(comics)" , "Один (Marvel Comics)" ,
 "http://dbpedia.org/resource/Odin_(comics)" , 奧丁 (漫威漫畫) ,
 "http://dbpedia.org/resource/Invisible_Woman" , "Invisible Woman" ,
 "http://dbpedia.org/resource/Invisible_Woman" , "Mujer Invisible" ,
 "http://dbpedia.org/resource/Invisible_Woman" , "La Femme invisible (comics)" ,
 "http://dbpedia.org/resource/Invisible_Woman" , "Donna invisibile" ,
 "http://dbpedia.org/resource/Invisible_Woman" , "Invisible Woman" ,
 "http://dbpedia.org/resource/Invisible_Woman" , "Invisible Woman" ,
 "http://dbpedia.org/resource/Invisible_Woman" , "Mulher Invisível (Marvel Comics)" ,
 "http://dbpedia.org/resource/Invisible_Woman" , Невидимая леди ,
 "http://dbpedia.org/resource/Invisible_Woman" , 隱形女俠 ,
 "http://dbpedia.org/resource/Storm_(Marvel_Comics)" , "Storm (Marvel Comics)" ,
 "http://dbpedia.org/resource/Storm_(Marvel_Comics)" , "Tormenta (Marvel Comics)" ,
 "http://dbpedia.org/resource/Storm_(Marvel_Comics)" , "Tornade (comics)" ,
 "http://dbpedia.org/resource/Storm_(Marvel_Comics)" , "Tempesta (personaggio)" ,
 "http://dbpedia.org/resource/Storm_(Marvel_Comics)" , ストーム (マーベル・コミック) ,
 "http://dbpedia.org/resource/Storm_(Marvel_Comics)" , "Storm (Marvel)" ,
 "http://dbpedia.org/resource/Storm_(Marvel_Comics)" , "Tempestade (X-Men)" ,
 "http://dbpedia.org/resource/Storm_(Marvel_Comics)" , "Шторм (Marvel Comics)" ,
 "http://dbpedia.org/resource/Carmine_Falcone" , "Carmine Falcone" ,
 "http://dbpedia.org/resource/Carmine_Falcone" , "Carmine Falcone" ,
 "http://dbpedia.org/resource/Carmine_Falcone" , "Carmine Falcone" ,
 "http://dbpedia.org/resource/Carmine_Falcone" , "Carmine Falcone" ,
 "http://dbpedia.org/resource/Carmine_Falcone" , "Carmine Falcone" ,
 "http://dbpedia.org/resource/Carmine_Falcone" , Кармайн Фальконе ,
 "http://dbpedia.org/resource/Jason_Stryker" , "Jason Stryker" ,
 "http://dbpedia.org/resource/Katana_(comics)" , "Katana (comics)" ,
 "http://dbpedia.org/resource/Katana_(comics)" , "Katana (cómic)" ,
 "http://dbpedia.org/resource/Katana_(comics)" , "Katana (DC Comics)" ,
 "http://dbpedia.org/resource/Katana_(comics)" , "Katana (comics)" ,
 "http://dbpedia.org/resource/Katana_(comics)" , "Katana (DC Comics)" ,
 "http://dbpedia.org/resource/Roland_Daggett" , "Roland Daggett" ,
 "http://dbpedia.org/resource/Silver_Surfer" , "Silver Surfer" ,
 "http://dbpedia.org/resource/Silver_Surfer" , سيلفر سيرفر ,
 "http://dbpedia.org/resource/Silver_Surfer" , "Silver Surfer" ,
 "http://dbpedia.org/resource/Silver_Surfer" , "Silver Surfer" ,
 "http://dbpedia.org/resource/Silver_Surfer" , "Surfer d'argent" ,
 "http://dbpedia.org/resource/Silver_Surfer" , "Silver Surfer" ,
 "http://dbpedia.org/resource/Silver_Surfer" , シルバーサーファー ,
 "http://dbpedia.org/resource/Silver_Surfer" , "Silver Surfer" ,
 "http://dbpedia.org/resource/Silver_Surfer" , "Srebrny Surfer" ,
 "http://dbpedia.org/resource/Silver_Surfer" , "Surfista Prateado" ,
 "http://dbpedia.org/resource/Silver_Surfer" , Серебряный Сёрфер ,
 "http://dbpedia.org/resource/Silver_Surfer" , 銀色衝浪手 ,
 "http://dbpedia.org/resource/William_Stryker" , "William Stryker" ,
 "http://dbpedia.org/resource/William_Stryker" , "William Stryker" ,
 "http://dbpedia.org/resource/William_Stryker" , "William Stryker" ,
 "http://dbpedia.org/resource/William_Stryker" , "William Stryker" ,
 "http://dbpedia.org/resource/William_Stryker" , "William Stryker" ,
 "http://dbpedia.org/resource/William_Stryker" , "William Stryker" ,
 "http://dbpedia.org/resource/Hamato_Yoshi" , "Hamato Yoshi" ,
 "http://dbpedia.org/resource/Hamato_Yoshi" , "Hamato Yoshi" ,
 "http://dbpedia.org/resource/Hamato_Yoshi" , "Hamato Yoshi" ,
 "http://dbpedia.org/resource/Hamato_Yoshi" , "Hamato Yoshi" ,
 "http://dbpedia.org/resource/Hamato_Yoshi" , Хамато Йоси ,
 "http://dbpedia.org/resource/Ra's_al_Ghul" , "Ra's al Ghul" ,
 "http://dbpedia.org/resource/Ra's_al_Ghul" , رأس الغول (شخصية خيالية) ,
 "http://dbpedia.org/resource/Ra's_al_Ghul" , "Ra’s al Ghul" ,
 "http://dbpedia.org/resource/Ra's_al_Ghul" , "Ra's al Ghul" ,
 "http://dbpedia.org/resource/Ra's_al_Ghul" , "Ra's al Ghul" ,
 "http://dbpedia.org/resource/Ra's_al_Ghul" , "Ra's al Ghul" ,
 "http://dbpedia.org/resource/Ra's_al_Ghul" , ラーズ・アル・グール ,
 "http://dbpedia.org/resource/Ra's_al_Ghul" , "Ra's al Ghul" ,
 "http://dbpedia.org/resource/Ra's_al_Ghul" , "Ra's al Ghul" ,
 "http://dbpedia.org/resource/Ra's_al_Ghul" , "Ra's Al Ghul" ,
 "http://dbpedia.org/resource/Ra's_al_Ghul" , Ра’с аль Гул ,
 "http://dbpedia.org/resource/Ra's_al_Ghul" , 拉斯·奥·古 ,
 "http://dbpedia.org/resource/Tadashi_Hamada" , تاداشي هامادا ,
 "http://dbpedia.org/resource/Tadashi_Hamada" , "Tadashi Hamada" ,
 "http://dbpedia.org/resource/Tadashi_Hamada" , "Tadashi Hamada" ,
 "http://dbpedia.org/resource/Cogliostro" , "Cogliostro" ,
 "http://dbpedia.org/resource/Cogliostro" , Коглиостро ,
 "http://dbpedia.org/resource/Henri_Ducard" , "Henri Ducard" ,
 "http://dbpedia.org/resource/Henri_Ducard" , "Henri Ducard" ,
 "http://dbpedia.org/resource/Henri_Ducard" , "Henri Ducard" ,
 "http://dbpedia.org/resource/Rick_Flag" , "Rick Flag" ,
 "http://dbpedia.org/resource/Rick_Flag" , "Rick Flag" ,
 "http://dbpedia.org/resource/Rick_Flag" , "Rick Flag" ,
 "http://dbpedia.org/resource/Rick_Flag" , "Rick Flag" ,
 "http://dbpedia.org/resource/Rick_Flag" , "Rick Flag" ,
 "http://dbpedia.org/resource/Ultimate_Nick_Fury" , "Ultimate Nick Fury" ,
 "http://dbpedia.org/resource/Ultimate_Nick_Fury" , "Ultimate Nick Fury" ,
 "http://dbpedia.org/resource/Ultimate_Nick_Fury" , "Ultimate Nick Fury" ,
 "http://dbpedia.org/resource/Jason_Wynn" , "Jason Wynn" ,
 "http://dbpedia.org/resource/Malebolgia" , "Malebolgia" ,
 "http://dbpedia.org/resource/Malebolgia" , "Malebolgia" ,
 "http://dbpedia.org/resource/Malebolgia" , Мэлболгия ,
 "http://dbpedia.org/resource/Brian_Banner" , "Brian Banner" ,
 "http://dbpedia.org/resource/Brian_Banner" , "Brian Banner" ,
 "http://dbpedia.org/resource/Elloe_Kaifi" , "Elloe Kaifi" ,
 "http://dbpedia.org/resource/Hiro_Takachiho" , "Hiro Takachiho" ,
 "http://dbpedia.org/resource/Hiro_Takachiho" , "Hiro Takachiho" ,
 "http://dbpedia.org/resource/Octopus_(comics)" , "Octopus (comics)" ,
 "http://dbpedia.org/resource/Ashley_Kafka" , "Ashley Kafka" ,
 "http://dbpedia.org/resource/Ashley_Kafka" , "Ashley Kafka" ,
 "http://dbpedia.org/resource/Catwoman" , "Catwoman" ,
 "http://dbpedia.org/resource/Catwoman" , المرأة القطة ,
 "http://dbpedia.org/resource/Catwoman" , "Catwoman (Comicfigur)" ,
 "http://dbpedia.org/resource/Catwoman" , "Catwoman" ,
 "http://dbpedia.org/resource/Catwoman" , "Catwoman" ,
 "http://dbpedia.org/resource/Catwoman" , "Catwoman" ,
 "http://dbpedia.org/resource/Catwoman" , キャットウーマン ,
 "http://dbpedia.org/resource/Catwoman" , "Catwoman" ,
 "http://dbpedia.org/resource/Catwoman" , "Kobieta-Kot" ,
 "http://dbpedia.org/resource/Catwoman" , "Mulher-Gato" ,
 "http://dbpedia.org/resource/Catwoman" , Женщина-кошка ,
 "http://dbpedia.org/resource/Catwoman" , 猫女 ,
 "http://dbpedia.org/resource/Gambit_(comics)" , "Gambit (comics)" ,
 "http://dbpedia.org/resource/Gambit_(comics)" , "Gambito (cómic)" ,
 "http://dbpedia.org/resource/Gambit_(comics)" , "Gambit (comics)" ,
 "http://dbpedia.org/resource/Gambit_(comics)" , "Gambit" ,
 "http://dbpedia.org/resource/Gambit_(comics)" , ガンビット (マーベル・コミック) ,
 "http://dbpedia.org/resource/Gambit_(comics)" , "Gambit (Marvel)" ,
 "http://dbpedia.org/resource/Gambit_(comics)" , "Gambit" ,
 "http://dbpedia.org/resource/Gambit_(comics)" , "Гамбит (Marvel Comics)" ,
 "http://dbpedia.org/resource/Gambit_(comics)" , 金牌手 ,
 "http://dbpedia.org/resource/Human_Torch" , "Human Torch" ,
 "http://dbpedia.org/resource/Human_Torch" , "Antorcha Humana" ,
 "http://dbpedia.org/resource/Human_Torch" , "Torche humaine" ,
 "http://dbpedia.org/resource/Human_Torch" , "Torcia Umana" ,
 "http://dbpedia.org/resource/Human_Torch" , "Human Torch" ,
 "http://dbpedia.org/resource/Human_Torch" , ヒューマン・トーチ ,
 "http://dbpedia.org/resource/Human_Torch" , "Human Torch" ,
 "http://dbpedia.org/resource/Human_Torch" , "Tocha Humana" ,
 "http://dbpedia.org/resource/Human_Torch" , Человек-факел ,
 "http://dbpedia.org/resource/Human_Torch" , 霹靂火 ,
 "http://dbpedia.org/resource/Jessica_Priest" , "Jessica Priest" ,
 "http://dbpedia.org/resource/Killer_Croc" , "Killer Croc" ,
 "http://dbpedia.org/resource/Killer_Croc" , "Killer Croc" ,
 "http://dbpedia.org/resource/Killer_Croc" , "Killer Croc" ,
 "http://dbpedia.org/resource/Killer_Croc" , "Killer Croc" ,
 "http://dbpedia.org/resource/Killer_Croc" , "Killer Croc" ,
 "http://dbpedia.org/resource/Killer_Croc" , "Killer Croc" ,
 "http://dbpedia.org/resource/Killer_Croc" , "Killer Croc" ,
 "http://dbpedia.org/resource/Killer_Croc" , "Crocodilo (DC Comics)" ,
 "http://dbpedia.org/resource/Killer_Croc" , Убийца Крок ,
 "http://dbpedia.org/resource/Killer_Croc" , 殺手鱷 ,
 "http://dbpedia.org/resource/Bebop_and_Rocksteady" , "Bebop and Rocksteady" ,
 "http://dbpedia.org/resource/Bebop_and_Rocksteady" , "Bebop y Rocksteady" ,
 "http://dbpedia.org/resource/Bebop_and_Rocksteady" , "Bebop en Rocksteady" ,
 "http://dbpedia.org/resource/Bebop_and_Rocksteady" , "Bebop e Rocksteady" ,
 "http://dbpedia.org/resource/Bebop_and_Rocksteady" , Бибоп и Рокстеди ,
 "http://dbpedia.org/resource/Mystique_(comics)" , "Mystique (comics)" ,
 "http://dbpedia.org/resource/Mystique_(comics)" , "Mystique" ,
 "http://dbpedia.org/resource/Mystique_(comics)" , "Mystique (comics)" ,
 "http://dbpedia.org/resource/Mystique_(comics)" , "Mystica (personaggio)" ,
 "http://dbpedia.org/resource/Mystique_(comics)" , "Mystique" ,
 "http://dbpedia.org/resource/Mystique_(comics)" , ミスティーク ,
 "http://dbpedia.org/resource/Mystique_(comics)" , "Mística" ,
 "http://dbpedia.org/resource/Mystique_(comics)" , "Мистик (Marvel Comics)" ,
 "http://dbpedia.org/resource/Mystique_(comics)" , 魔形女 ,
 "http://dbpedia.org/resource/Casey_Jones_(Teenage_Mutant_Ninja_Turtles)" , كازاي جونز (شخصية خيالية) ,
 "http://dbpedia.org/resource/Casey_Jones_(Teenage_Mutant_Ninja_Turtles)" , "Casey Jones (Teenage Mutant Ninja Turtles)" ,
 "http://dbpedia.org/resource/Casey_Jones_(Teenage_Mutant_Ninja_Turtles)" , "Casey Jones (Tortugas ninja)" ,
 "http://dbpedia.org/resource/Casey_Jones_(Teenage_Mutant_Ninja_Turtles)" , "Casey Jones (Tortues Ninja)" ,
 "http://dbpedia.org/resource/Casey_Jones_(Teenage_Mutant_Ninja_Turtles)" , "Casey Jones" ,
 "http://dbpedia.org/resource/Casey_Jones_(Teenage_Mutant_Ninja_Turtles)" , "Casey Jones (Teenage Mutant Ninja Turtles)" ,
 "http://dbpedia.org/resource/Casey_Jones_(Teenage_Mutant_Ninja_Turtles)" , "Casey Jones (Teenage Mutant Ninja Turtles)" ,
 "http://dbpedia.org/resource/Rorschach_(comics)" , "Rorschach (comics)" ,
 "http://dbpedia.org/resource/Rorschach_(comics)" , "Rorschach (cómic)" ,
 "http://dbpedia.org/resource/Rorschach_(comics)" , "Rorschach (comics)" ,
 "http://dbpedia.org/resource/Rorschach_(comics)" , "Rorschach (personaggio)" ,
 "http://dbpedia.org/resource/Rorschach_(comics)" , "Rorschach (Watchmen)" ,
 "http://dbpedia.org/resource/Rorschach_(comics)" , Роршах (Хранители) ,
 "http://dbpedia.org/resource/Rorschach_(comics)" , 變臉羅夏 ,
 "http://dbpedia.org/resource/Talia_al_Ghul" , "Talia al Ghul" ,
 "http://dbpedia.org/resource/Talia_al_Ghul" , "Talia al Ghul" ,
 "http://dbpedia.org/resource/Talia_al_Ghul" , "Talia al Ghul" ,
 "http://dbpedia.org/resource/Talia_al_Ghul" , "Talia al Ghul" ,
 "http://dbpedia.org/resource/Talia_al_Ghul" , "Talia al Ghul" ,
 "http://dbpedia.org/resource/Talia_al_Ghul" , "Talia al Ghul" ,
 "http://dbpedia.org/resource/Talia_al_Ghul" , "Talia al Ghul" ,
 "http://dbpedia.org/resource/Talia_al_Ghul" , 塔莉亞·奧·古 ,
 "http://dbpedia.org/resource/Jack_Murdock_(comics)" , "Jack Murdock (personaggio)" ,
 "http://dbpedia.org/resource/Jack_Murdock_(comics)" , "Jack Murdock (comics)" ,
 "http://dbpedia.org/resource/Jor-El" , "Jor-El" ,
 "http://dbpedia.org/resource/Jor-El" , "Jor-El" ,
 "http://dbpedia.org/resource/Jor-El" , "Jor-El" ,
 "http://dbpedia.org/resource/Jor-El" , "Jor-El" ,
 "http://dbpedia.org/resource/Jor-El" , "Jor-El" ,
 "http://dbpedia.org/resource/Jor-El" , "Jor-El" ,
 "http://dbpedia.org/resource/Jor-El" , 喬·艾爾 ,
 "http://dbpedia.org/resource/Two-Face" , ذو الوجهين ,
 "http://dbpedia.org/resource/Two-Face" , "Two-Face" ,
 "http://dbpedia.org/resource/Two-Face" , "Two-Face" ,
 "http://dbpedia.org/resource/Two-Face" , "Dos Caras (cómic)" ,
 "http://dbpedia.org/resource/Two-Face" , "Double-Face" ,
 "http://dbpedia.org/resource/Two-Face" , "Due Facce" ,
 "http://dbpedia.org/resource/Two-Face" , トゥーフェイス ,
 "http://dbpedia.org/resource/Two-Face" , "Two-Face" ,
 "http://dbpedia.org/resource/Two-Face" , "Dwie Twarze" ,
 "http://dbpedia.org/resource/Two-Face" , "Duas-Caras" ,
 "http://dbpedia.org/resource/Two-Face" , "Двуликий (DC Comics)" ,
 "http://dbpedia.org/resource/Two-Face" , 双面人 ,
 "http://dbpedia.org/resource/Norman_Osborn" , "Norman Osborn" ,
 "http://dbpedia.org/resource/Norman_Osborn" , Норман Озборн ,
 "http://dbpedia.org/resource/Norman_Osborn" , "Norman Osborn" ,
 "http://dbpedia.org/resource/Mitchell_Carson" , "Mitchell Carson" ,
 "http://dbpedia.org/resource/Mitchell_Carson" , "Mitchell Carson" ,
 "http://dbpedia.org/resource/Tallulah_Black" , "Tallulah Black" ,
